day,date,sport,time,edző,klub
Kedd,2025-11-18,Funkcionális köredzés,06:30-07:30,Dán Vanda,allee
Szerda,2025-11-19,Stretching,06:30-07:30,Dán Vanda,allee
Csütörtök,2025-11-20,Funkcionális köredzés,06:30-07:30,Dán Vanda,allee
Hétfő,2025-11-17,Alakformáló,07:00-08:00,Virág Vera,allee
Kedd,2025-11-18,Pilates.,07:00-08:00,Oli Renáta,allee
Szerda,2025-11-19,Alakformáló,07:00-08:00,Virág Vera,allee
Csütörtök,2025-11-20,Pilates.,07:00-08:00,Kárpáti Ildikó HU/EN,allee
Szombat,2025-11-22,Alakformáló,09:00-10:00,Dobos Fanny,allee
Szombat,2025-11-22,Funkcionális köredzés,09:00-10:00,Kárpáti Ildikó HU/EN,allee
Hétfő,2025-11-17,Hot Iron I,10:00-11:00,Dobos Fanny,allee
Szerda,2025-11-19,Hot Iron I,10:00-11:00,Dobos Fanny,allee
Csütörtök,2025-11-20,Gerinctorna+stretching,10:00-11:00,Kovács Laura,allee
Péntek,2025-11-21,Hot Iron I,10:00-11:00,Dobos Fanny,allee
Szombat,2025-11-22,Hot Iron I,10:00-11:00,Dobos Fanny,allee
Vasárnap,2025-11-23,Alakformáló,10:00-11:00,Dobos Fanny,allee
Vasárnap,2025-11-23,Pilates.,10:00-11:00,Kárpáti Ildikó HU/EN,allee
Hétfő,2025-11-17,Senior torna,11:00-12:00,Béres Réka,allee
Kedd,2025-11-18,Stretching.,11:00-12:00,Kovács Laura,allee
Szerda,2025-11-19,Gerinctorna,11:00-12:00,Dobos Fanny,allee
Csütörtök,2025-11-20,Senior torna,11:00-12:00,Béres Réka,allee
Péntek,2025-11-21,Gerinctorna.,11:00-12:00,Kovács Laura,allee
Szombat,2025-11-22,Stretching.,11:00-12:00,Dobos Fanny,allee
Vasárnap,2025-11-23,Funkcionális köredzés,11:00-12:00,Jónás Gergely,allee
Vasárnap,2025-11-23,KORCE mobility+stability,11:00-12:00,Dobos Fanny,allee
Hétfő,2025-11-17,Alakformáló,12:00-13:00,Béres Réka,allee
Kedd,2025-11-18,Alakformáló,12:00-13:00,Kovács Laura,allee
Szerda,2025-11-19,Alakformáló,12:00-13:00,Dobos Fanny,allee
Csütörtök,2025-11-20,Alakformáló,12:00-13:00,Béres Réka,allee
Péntek,2025-11-21,Alakformáló,12:00-13:00,Kovács Laura,allee
Kedd,2025-11-18,Alakformáló,16:00-17:00,Dobos Fanny,allee
Kedd,2025-11-18,Zumba,16:30-17:30,Oli Renáta,allee
Csütörtök,2025-11-20,Alakformáló,16:00-17:00,Dobos Fanny,allee
Csütörtök,2025-11-20,Zumba,16:30-17:30,Oli Renáta,allee
Hétfő,2025-11-17,Cross Training,17:00-18:00,Kalamár Eszter,allee
Hétfő,2025-11-17,Alakformáló,17:00-18:00,Szalma Borka,allee
Hétfő,2025-11-17,Gerinctorna+stretching.,17:30-18:30,Heiszer Eszter,allee
Kedd,2025-11-18,Hot Iron I,17:00-18:00,Dobos Fanny,allee
Kedd,2025-11-18,Cross Training,17:15-18:15,Virág Vera,allee
Kedd,2025-11-18,Pilates.,17:30-18:30,Oli Renáta,allee
Szerda,2025-11-19,Alakformáló,17:00-18:00,Kalamár Eszter,allee
Szerda,2025-11-19,Funkcionális köredzés,17:15-18:15,Gerő Luca,allee
Szerda,2025-11-19,Gerinctorna+stretching.,17:30-18:30,Heiszer Eszter,allee
Csütörtök,2025-11-20,Hot Iron I,17:00-18:00,Dobos Fanny,allee
Csütörtök,2025-11-20,Cross Training,17:15-18:15,Virág Vera,allee
Csütörtök,2025-11-20,Pilates.,17:30-18:30,Oli Renáta,allee
Péntek,2025-11-21,Alakformáló,17:00-18:00,Dobos Fanny,allee
Péntek,2025-11-21,Runners' Gym,17:00-18:00,Kovács Laura,allee
Péntek,2025-11-21,Zumba,17:30-18:30,Jámbor Bea,allee
Szombat,2025-11-22,Pilates.,17:30-18:30,Kárpáti Ildikó HU/EN,allee
Vasárnap,2025-11-23,Hot Iron I,17:00-18:00,Dobos Fanny,allee
Hétfő,2025-11-17,Cardio Kick-box,18:00-19:00,Kalamár Eszter,allee
Hétfő,2025-11-17,TRX köredzés,18:15-19:15,Vujicsity Viktória,allee
Hétfő,2025-11-17,Yin  jóga,18:30-19:30,Kovács Rózsa ,allee
Kedd,2025-11-18,Alakformáló,18:00-19:00,Dobos Fanny,allee
Kedd,2025-11-18,Funkcionális köredzés,18:15-19:15,Harnos Erika ,allee
Kedd,2025-11-18,Gerinctorna.,18:30-19:30,Böröcz Anita,allee
Szerda,2025-11-19,Cardio Kick-box,18:00-19:00,Kalamár Eszter,allee
Szerda,2025-11-19,TRX,18:15-19:15,Jónás Gergely,allee
Szerda,2025-11-19,Pilates.,18:30-19:30,Gerő Luca,allee
Csütörtök,2025-11-20,Alakformáló,18:00-19:00,Dobos Fanny,allee
Csütörtök,2025-11-20,TRX köredzés,18:15-19:15,Sánta Stella HU/EN,allee
Csütörtök,2025-11-20,Gerinctorna.,18:30-19:30,Böröcz Anita,allee
Péntek,2025-11-21,Funkcionális köredzés,18:00-19:00,Vujicsity Viktória,allee
Péntek,2025-11-21,Hot Iron I,18:00-19:00,Dobos Fanny,allee
Vasárnap,2025-11-23,Alakformáló,18:00-19:00,Dobos Fanny,allee
Hétfő,2025-11-17,Zsírégető,19:00-20:00,Kalamár Eszter,allee
Hétfő,2025-11-17,Funkcionális köredzés,19:15-20:15,Vujicsity Viktória,allee
Hétfő,2025-11-17,Pilates.,19:30-20:30,Kovács Rózsa ,allee
Kedd,2025-11-18,Zsírégető,19:00-20:00,Paulovics Adrienn,allee
Kedd,2025-11-18,TRX köredzés,19:15-20:15,Harnos Erika ,allee
Kedd,2025-11-18,Dinamikus jóga,19:30-20:30,Erdős Réka ,allee
Szerda,2025-11-19,Zsírégető,19:00-20:00,Kalamár Eszter,allee
Szerda,2025-11-19,Cross Training,19:15-20:15,Serrano Gergő HU/EN,allee
Csütörtök,2025-11-20,Zsírégető,19:00-20:00,Paulovics Adrienn,allee
Csütörtök,2025-11-20,Funkcionális köredzés,19:15-20:15,Sánta Stella HU/EN,allee
Csütörtök,2025-11-20,Stretching,19:30-20:30,Dobos Fanny,allee
Péntek,2025-11-21,Kezdő dance step,19:00-20:00,Harnos Erika ,allee
Péntek,2025-11-21,Stretching.,19:00-20:00,Dobos Fanny,allee
Péntek,2025-11-21,TRX köredzés,19:00-20:00,Vujicsity Viktória,allee
Hétfő,2025-11-17,Hot Iron I,20:00-21:00,Dobos Fanny,allee
Kedd,2025-11-18,Gerinctorna,20:00-21:00,Paulovics Adrienn,allee
Szerda,2025-11-19,Hot Iron I,20:00-21:00,Dobos Fanny,allee
Csütörtök,2025-11-20,Gerinctorna+stretching,20:00-21:00,Paulovics Adrienn,allee
Kedd,2025-11-25,Funkcionális köredzés,06:30-07:30,Dán Vanda,allee
Szerda,2025-11-26,Stretching,06:30-07:30,Dán Vanda,allee
Csütörtök,2025-11-27,Funkcionális köredzés,06:30-07:30,Dán Vanda,allee
Hétfő,2025-11-24,Alakformáló,07:00-08:00,Virág Vera,allee
Kedd,2025-11-25,Pilates.,07:00-08:00,Oli Renáta,allee
Szerda,2025-11-26,Alakformáló,07:00-08:00,Virág Vera,allee
Csütörtök,2025-11-27,Pilates.,07:00-08:00,Oli Renáta,allee
Szombat,2025-11-29,Alakformáló,09:00-10:00,Dobos Fanny,allee
Szombat,2025-11-29,Funkcionális köredzés,09:00-10:00,Serrano Gergő HU/EN,allee
Hétfő,2025-11-24,Hot Iron I,10:00-11:00,Dobos Fanny,allee
Szerda,2025-11-26,Hot Iron I,10:00-11:00,Dobos Fanny,allee
Csütörtök,2025-11-27,Gerinctorna+stretching,10:00-11:00,Kovács Laura,allee
Péntek,2025-11-28,Hot Iron I,10:00-11:00,Dobos Fanny,allee
Szombat,2025-11-29,Cross Training,10:00-11:00,Serrano Gergő HU/EN,allee
Szombat,2025-11-29,Hot Iron I,10:00-11:00,Dobos Fanny,allee
Vasárnap,2025-11-30,Alakformáló,10:00-11:00,Dobos Fanny,allee
Vasárnap,2025-11-30,Pilates.,10:00-11:00,Reitter Zsófia,allee
Hétfő,2025-11-24,Senior torna,11:00-12:00,Béres Réka,allee
Kedd,2025-11-25,Stretching.,11:00-12:00,Kovács Laura,allee
Szerda,2025-11-26,Gerinctorna,11:00-12:00,Dobos Fanny,allee
Csütörtök,2025-11-27,Senior torna,11:00-12:00,Béres Réka,allee
Péntek,2025-11-28,Gerinctorna.,11:00-12:00,Kovács Laura,allee
Szombat,2025-11-29,Stretching.,11:00-12:00,Dobos Fanny,allee
Vasárnap,2025-11-30,Funkcionális köredzés,11:00-12:00,Jónás Gergely,allee
Vasárnap,2025-11-30,KORCE mobility+stability,11:00-12:00,Dobos Fanny,allee
Hétfő,2025-11-24,Alakformáló,12:00-13:00,Béres Réka,allee
Kedd,2025-11-25,Alakformáló,12:00-13:00,Kovács Laura,allee
Szerda,2025-11-26,Alakformáló,12:00-13:00,Dobos Fanny,allee
Csütörtök,2025-11-27,Alakformáló,12:00-13:00,Béres Réka,allee
Péntek,2025-11-28,Alakformáló,12:00-13:00,Kovács Laura,allee
Kedd,2025-11-25,Alakformáló,16:00-17:00,Dobos Fanny,allee
Kedd,2025-11-25,Zumba,16:30-17:30,Oli Renáta,allee
Csütörtök,2025-11-27,Alakformáló,16:00-17:00,Dobos Fanny,allee
Csütörtök,2025-11-27,Zumba,16:30-17:30,Oli Renáta,allee
Vasárnap,2025-11-30,Funkcionális köredzés,16:30-17:30,Virág Vera,allee
Hétfő,2025-11-24,Alakformáló,17:00-18:00,Szalma Borka,allee
Hétfő,2025-11-24,Cross Training,17:00-18:00,Kalamár Eszter,allee
Hétfő,2025-11-24,Gerinctorna+stretching.,17:30-18:30,Heiszer Eszter,allee
Kedd,2025-11-25,Hot Iron I,17:00-18:00,Dobos Fanny,allee
Kedd,2025-11-25,Cross Training,17:15-18:15,Virág Vera,allee
Kedd,2025-11-25,Pilates.,17:30-18:30,Oli Renáta,allee
Szerda,2025-11-26,Alakformáló,17:00-18:00,Kalamár Eszter,allee
Szerda,2025-11-26,Funkcionális köredzés,17:15-18:15,Gerő Luca,allee
Szerda,2025-11-26,Gerinctorna+stretching.,17:30-18:30,Heiszer Eszter,allee
Csütörtök,2025-11-27,Hot Iron I,17:00-18:00,Dobos Fanny,allee
Csütörtök,2025-11-27,Cross Training,17:15-18:15,Auer Bernadett,allee
Csütörtök,2025-11-27,Pilates.,17:30-18:30,Oli Renáta,allee
Péntek,2025-11-28,Alakformáló,17:00-18:00,Dobos Fanny,allee
Péntek,2025-11-28,Runners' Gym,17:00-18:00,Serrano Gergő HU/EN,allee
Péntek,2025-11-28,Zumba,17:30-18:30,Jámbor Bea,allee
Szombat,2025-11-29,Pilates.,17:30-18:30,Reitter Zsófia,allee
Vasárnap,2025-11-30,Hot Iron I,17:00-18:00,Dobos Fanny,allee
Hétfő,2025-11-24,Cardio Kick-box,18:00-19:00,Kalamár Eszter,allee
Hétfő,2025-11-24,TRX köredzés,18:15-19:15,Vujicsity Viktória,allee
Hétfő,2025-11-24,Yin  jóga,18:30-19:30,Kovács Rózsa ,allee
Kedd,2025-11-25,Alakformáló,18:00-19:00,Dobos Fanny,allee
Kedd,2025-11-25,Funkcionális köredzés,18:15-19:15,Vujicsity Viktória,allee
Kedd,2025-11-25,Gerinctorna.,18:30-19:30,Böröcz Anita,allee
Szerda,2025-11-26,Cardio Kick-box,18:00-19:00,Kalamár Eszter,allee
Szerda,2025-11-26,TRX,18:15-19:15,Jónás Gergely,allee
Szerda,2025-11-26,Pilates.,18:30-19:30,Gerő Luca,allee
Csütörtök,2025-11-27,Alakformáló,18:00-19:00,Dobos Fanny,allee
Csütörtök,2025-11-27,TRX köredzés,18:15-19:15,Sánta Stella HU/EN,allee
Csütörtök,2025-11-27,Gerinctorna.,18:30-19:30,Böröcz Anita,allee
Péntek,2025-11-28,Hot Iron I,18:00-19:00,Dobos Fanny,allee
Vasárnap,2025-11-30,Alakformáló,18:00-19:00,Dobos Fanny,allee
Hétfő,2025-11-24,Zsírégető,19:00-20:00,Kalamár Eszter,allee
Hétfő,2025-11-24,Funkcionális köredzés,19:15-20:15,Vujicsity Viktória,allee
Hétfő,2025-11-24,Pilates.,19:30-20:30,Kovács Rózsa ,allee
Kedd,2025-11-25,Zsírégető,19:00-20:00,Paulovics Adrienn,allee
Kedd,2025-11-25,TRX köredzés,19:15-20:15,Vujicsity Viktória,allee
Kedd,2025-11-25,Dinamikus jóga,19:30-20:30,Erdős Réka ,allee
Szerda,2025-11-26,Zsírégető,19:00-20:00,Kalamár Eszter,allee
Szerda,2025-11-26,Cross Training,19:15-20:15,Palkó Roberta HU/EN,allee
Csütörtök,2025-11-27,Zsírégető,19:00-20:00,Paulovics Adrienn,allee
Csütörtök,2025-11-27,Funkcionális köredzés,19:15-20:15,Sánta Stella HU/EN,allee
Csütörtök,2025-11-27,Dinamikus jóga,19:30-20:30,Erdős Réka ,allee
Péntek,2025-11-28,Kezdő dance step,19:00-20:00,Harnos Erika ,allee
Péntek,2025-11-28,Stretching.,19:00-20:00,Dobos Fanny,allee
Péntek,2025-11-28,TRX köredzés,19:00-20:00,Vujicsity Viktória,allee
Hétfő,2025-11-24,Hot Iron I,20:00-21:00,Dobos Fanny,allee
Kedd,2025-11-25,Gerinctorna,20:00-21:00,Paulovics Adrienn,allee
Szerda,2025-11-26,Hot Iron I,20:00-21:00,Dobos Fanny,allee
Csütörtök,2025-11-27,Gerinctorna+stretching,20:00-21:00,Paulovics Adrienn,allee
Szerda,2025-11-19,KRAV-MAGA,06:00-07:30,Sira Gyula,nyugati
Csütörtök,2025-11-20,KRAV-MAGA,06:00-07:30,Sira Gyula,nyugati
Péntek,2025-11-21,Cross Training,06:45-07:45,Kárpáti Ildikó HU/EN,nyugati
Hétfő,2025-11-17,Alakformáló,07:00-08:00,Borbély Beatrix,nyugati
Hétfő,2025-11-17,Funkcionális köredzés,07:15-08:15,Vatamány Krisztina ,nyugati
Hétfő,2025-11-17,Mobility Yoga,07:30-08:30,Antal Laura HU/EN,nyugati
Kedd,2025-11-18,Dinamikus pilates,07:30-08:30,Antal Laura HU/EN,nyugati
Kedd,2025-11-18,Indoor Cycling ICG,07:45-08:45,Králik Eszter HU/EN,nyugati
Szerda,2025-11-19,Alakformáló,07:00-08:00,Borbély Beatrix,nyugati
Szerda,2025-11-19,Funkcionális köredzés,07:15-08:15,Vatamány Krisztina ,nyugati
Péntek,2025-11-21,TRX köredzés,07:45-08:45,Kárpáti Ildikó HU/EN,nyugati
Hétfő,2025-11-17,Runners' Gym,08:15-09:15,Vatamány Krisztina ,nyugati
Péntek,2025-11-21,Dinamikus pilates,08:00-09:00,Antal Laura HU/EN,nyugati
Szombat,2025-11-22,KRAV-MAGA,08:00-09:30,Sira Gyula,nyugati
Kedd,2025-11-18,Detox jóga,09:00-10:00,Völgyes Flávia,nyugati
Kedd,2025-11-18,Hot Iron Cross,09:00-10:00,Szalka Andi,nyugati
Csütörtök,2025-11-20,Detox jóga,09:00-10:00,Völgyes Flávia,nyugati
Csütörtök,2025-11-20,Hot Iron II,09:00-10:00,Szalka Andi,nyugati
Péntek,2025-11-21,Stresszoldó jóga,09:00-10:00,Antal Laura HU/EN,nyugati
Vasárnap,2025-11-23,Indoor Cycling ICG,09:30-10:30,Králik Eszter HU/EN,nyugati
Szombat,2025-11-22,Giryafit,10:00-11:00,Fischer Gábor HU/EN,nyugati
Szombat,2025-11-22,Indoor Cycling ICG,10:00-11:00,Szalai Ági HU/EN,nyugati
Vasárnap,2025-11-23,Alakformáló,10:00-11:00,Berki Betti ,nyugati
Hétfő,2025-11-17,Pilates.,11:00-12:00,Erdős Réka ,nyugati
Szerda,2025-11-19,Pilates.,11:00-12:00,Erdős Réka ,nyugati
Szombat,2025-11-22,Dinamikus jóga.,11:00-12:00,Erdős Réka ,nyugati
Vasárnap,2025-11-23,Funkcionális köredzés,11:00-12:00,Szentgyörgyi Lilien,nyugati
Hétfő,2025-11-17,Dinamikus jóga,12:00-13:00,Erdős Réka ,nyugati
Hétfő,2025-11-17,Hot Iron 1,12:00-13:00,Dobos Fanny,nyugati
Szerda,2025-11-19,Dinamikus jóga,12:00-13:00,Erdős Réka ,nyugati
Szombat,2025-11-22,Pilates.,12:00-13:00,Erdős Réka ,nyugati
Szombat,2025-11-22,Hot Iron,14:00-15:30,Radácsy Petra,nyugati
Péntek,2025-11-21,Pilates.,15:00-16:00,Polányi Petra,nyugati
Vasárnap,2025-11-23,Pilates.,15:45-16:45,Erdős Réka ,nyugati
Hétfő,2025-11-17,Pilates.,16:00-17:00,Polányi Petra,nyugati
Hétfő,2025-11-17,Zumba,16:45-17:45,Kovács Andrea,nyugati
Kedd,2025-11-18,Alakformáló,16:00-17:00,Ábrahám Zsanna,nyugati
Kedd,2025-11-18,Indoor Cycling ICG,16:30-17:30,Böröcz Anita,nyugati
Kedd,2025-11-18,Gerinctorna+stretching,16:45-17:45,Kocsis Kata,nyugati
Szerda,2025-11-19,Pilates.,16:00-17:00,Polányi Petra,nyugati
Szerda,2025-11-19,Zumba,16:45-17:45,Kovács Andrea,nyugati
Csütörtök,2025-11-20,Alakformáló,16:00-17:00,Ábrahám Zsanna,nyugati
Csütörtök,2025-11-20,Indoor Cycling ICG,16:30-17:30,Böröcz Anita,nyugati
Csütörtök,2025-11-20,Gerinctorna+stretching,16:45-17:45,Kocsis Kata,nyugati
Péntek,2025-11-21,Alakformáló,16:00-17:00,Polányi Petra,nyugati
Péntek,2025-11-21,Jóga & Stretching,16:45-17:45,Szabó Júlia,nyugati
Vasárnap,2025-11-23,Stretching,16:45-17:45,Erdős Réka ,nyugati
Hétfő,2025-11-17,Alakformáló,17:00-18:00,Polányi Petra,nyugati
Hétfő,2025-11-17,Funkcionális köredzés,17:15-18:15,Balog Bíborka Bella ,nyugati
Hétfő,2025-11-17,Indoor Cycling ICG,17:30-18:30,Csonka Anita ,nyugati
Hétfő,2025-11-17,Pilates,17:45-18:45,Tornai Piroska HU/EN,nyugati
Kedd,2025-11-18,Zsírégető,17:00-18:00,Hodosi Tamás,nyugati
Kedd,2025-11-18,Cross Training,17:15-18:15,Keserű Dóri,nyugati
Kedd,2025-11-18,Indoor Cycling ICG,17:30-18:30,Kazi Alex,nyugati
Kedd,2025-11-18,Pilates,17:45-18:45,Kocsis Kata,nyugati
Szerda,2025-11-19,Alakformáló,17:00-18:00,Polányi Petra,nyugati
Szerda,2025-11-19,Funkcionális köredzés,17:15-18:15,Balog Bíborka Bella ,nyugati
Szerda,2025-11-19,Indoor Cycling ICG,17:30-18:30,Csonka Anita ,nyugati
Szerda,2025-11-19,Pilates,17:45-18:45,Tornai Piroska HU/EN,nyugati
Csütörtök,2025-11-20,Zsírégető,17:00-18:00,Hodosi Tamás,nyugati
Csütörtök,2025-11-20,Cross Training,17:15-18:15,Gerencsér Ágnes,nyugati
Csütörtök,2025-11-20,Indoor Cycling ICG,17:30-18:30,Kazi Alex,nyugati
Csütörtök,2025-11-20,Pilates,17:45-18:45,Kocsis Kata,nyugati
Péntek,2025-11-21,Hot Iron Cross,17:00-18:00,Radácsy Petra,nyugati
Péntek,2025-11-21,Cross Training,17:15-18:30,Balog Bíborka Bella ,nyugati
Péntek,2025-11-21,Indoor Cycling ICG,17:30-18:30,Králik Eszter HU/EN,nyugati
Péntek,2025-11-21,Gerinctorna,17:45-18:45,Böröcz Anita,nyugati
Szombat,2025-11-22,Alakformáló,17:00-18:00,Borbély Beatrix,nyugati
Vasárnap,2025-11-23,Alakformáló,17:00-18:00,Böröcz Anita,nyugati
Vasárnap,2025-11-23,Jóga,17:45-18:45,Erdős Réka ,nyugati
Hétfő,2025-11-17,Hot Iron Cross,18:00-19:00,Radácsy Petra,nyugati
Hétfő,2025-11-17,TRX köredzés,18:15-19:15,Serrano Gergő HU/EN,nyugati
Hétfő,2025-11-17,Indoor Cycling ICG,18:30-19:30,Takács Henriett,nyugati
Hétfő,2025-11-17,Gerinctorna+stretching,18:45-19:45,Csonka Anita ,nyugati
Kedd,2025-11-18,Giryafit,18:00-19:00,Fischer Gábor HU/EN,nyugati
Kedd,2025-11-18,TRX köredzés,18:15-19:15,Ajanidisz Teodóra,nyugati
Kedd,2025-11-18,Indoor Cycling ICG,18:30-19:30,Kazi Alex,nyugati
Kedd,2025-11-18,Jóga,18:45-19:45,Kovács Rózsa ,nyugati
Szerda,2025-11-19,Hot Iron II,18:00-19:00,Radácsy Petra,nyugati
Szerda,2025-11-19,Cross Training,18:15-19:15,Balog Bíborka Bella ,nyugati
Szerda,2025-11-19,Indoor Cycling ICG,18:30-19:30,Takács Henriett,nyugati
Szerda,2025-11-19,Gerinctorna+stretching,18:45-19:45,Csonka Anita ,nyugati
Csütörtök,2025-11-20,Giryafit,18:00-19:00,Fischer Gábor HU/EN,nyugati
Csütörtök,2025-11-20,TRX köredzés,18:15-19:15,Ajanidisz Teodóra,nyugati
Csütörtök,2025-11-20,Indoor Cycling ICG,18:30-19:30,Kazi Alex,nyugati
Csütörtök,2025-11-20,Jóga,18:45-19:45,Kovács Rózsa ,nyugati
Péntek,2025-11-21,Hot Iron I,18:00-19:00,Radácsy Petra,nyugati
Péntek,2025-11-21,Runners' Gym,18:30-19:30,Balog Bíborka Bella ,nyugati
Vasárnap,2025-11-23,Funkcionális köredzés,18:15-19:15,Gerencsér Ágnes,nyugati
Hétfő,2025-11-17,Alakformáló,19:00-20:00,Vatamány Krisztina ,nyugati
Hétfő,2025-11-17,Cross Training,19:15-20:15,Serrano Gergő HU/EN,nyugati
Hétfő,2025-11-17,Indoor Cycling ICG,19:30-20:30,Szőcs Gabi HU/EN,nyugati
Hétfő,2025-11-17,Flow jóga,19:45-20:45,Szabó Júlia,nyugati
Kedd,2025-11-18,Zsírégető,19:00-20:00,Kabai Petra,nyugati
Kedd,2025-11-18,Runners' Gym,19:15-20:15,Szalma Borka,nyugati
Kedd,2025-11-18,Pilates,19:45-20:45,Ajanidisz Teodóra,nyugati
Szerda,2025-11-19,Alakformáló,19:00-20:00,Vatamány Krisztina ,nyugati
Szerda,2025-11-19,Indoor Cycling ICG,19:30-20:30,Szalai Ági HU/EN,nyugati
Szerda,2025-11-19,Flow jóga,19:45-20:45,Szabó Júlia,nyugati
Csütörtök,2025-11-20,Zsírégető,19:00-20:00,Kabai Petra,nyugati
Csütörtök,2025-11-20,Runners' Gym,19:15-20:15,Szalma Borka,nyugati
Csütörtök,2025-11-20,Pilates,19:45-20:45,Ajanidisz Teodóra,nyugati
Péntek,2025-11-21,Zsírégető,19:00-20:00,Berki Betti ,nyugati
Hétfő,2025-11-17,Aerial yoga,20:00-21:00,Angyal Kyra ,nyugati
Kedd,2025-11-18,Alakformáló,20:00-21:00,Berki Betti ,nyugati
Csütörtök,2025-11-20,Alakformáló,20:00-21:00,Berki Betti ,nyugati
Szerda,2025-11-26,KRAV-MAGA,06:00-07:30,Sira Gyula,nyugati
Csütörtök,2025-11-27,KRAV-MAGA,06:00-07:30,Sira Gyula,nyugati
Péntek,2025-11-28,Cross Training,06:45-07:45,Kárpáti Ildikó HU/EN,nyugati
Hétfő,2025-11-24,Alakformáló,07:00-08:00,Borbély Beatrix,nyugati
Hétfő,2025-11-24,Funkcionális köredzés,07:15-08:15,Vatamány Krisztina ,nyugati
Hétfő,2025-11-24,Mobility Yoga,07:30-08:30,Antal Laura HU/EN,nyugati
Kedd,2025-11-25,Dinamikus pilates,07:30-08:30,Antal Laura HU/EN,nyugati
Kedd,2025-11-25,Indoor Cycling ICG,07:45-08:45,Králik Eszter HU/EN,nyugati
Szerda,2025-11-26,Alakformáló,07:00-08:00,Borbély Beatrix,nyugati
Szerda,2025-11-26,Funkcionális köredzés,07:15-08:15,Vatamány Krisztina ,nyugati
Péntek,2025-11-28,Indoor Cycling ICG,07:30-08:30,Ujhelyi Zsuzsi HU/EN,nyugati
Péntek,2025-11-28,TRX köredzés,07:45-08:45,Kárpáti Ildikó HU/EN,nyugati
Hétfő,2025-11-24,Runners' Gym,08:15-09:15,Vatamány Krisztina ,nyugati
Péntek,2025-11-28,Dinamikus pilates,08:00-09:00,Antal Laura HU/EN,nyugati
Szombat,2025-11-29,KRAV-MAGA,08:00-09:30,Sira Gyula,nyugati
Kedd,2025-11-25,Detox jóga,09:00-10:00,Völgyes Flávia,nyugati
Kedd,2025-11-25,Hot Iron Cross,09:00-10:00,Szalka Andi,nyugati
Csütörtök,2025-11-27,Detox jóga,09:00-10:00,Völgyes Flávia,nyugati
Csütörtök,2025-11-27,Hot Iron II,09:00-10:00,Szalka Andi,nyugati
Péntek,2025-11-28,Stresszoldó jóga,09:00-10:00,Antal Laura HU/EN,nyugati
Vasárnap,2025-11-30,Indoor Cycling ICG,09:30-10:30,Králik Eszter HU/EN,nyugati
Szombat,2025-11-29,Giryafit,10:00-11:00,Fischer Gábor HU/EN,nyugati
Szombat,2025-11-29,Indoor Cycling ICG,10:00-11:00,Szalai Ági HU/EN,nyugati
Vasárnap,2025-11-30,Alakformáló,10:00-11:00,Berki Betti ,nyugati
Hétfő,2025-11-24,Pilates.,11:00-12:00,Erdős Réka ,nyugati
Szerda,2025-11-26,Pilates.,11:00-12:00,Erdős Réka ,nyugati
Szombat,2025-11-29,Dinamikus jóga.,11:00-12:00,Erdős Réka ,nyugati
Vasárnap,2025-11-30,Funkcionális köredzés,11:00-12:00,Tordai Luca,nyugati
Hétfő,2025-11-24,Dinamikus jóga,12:00-13:00,Erdős Réka ,nyugati
Hétfő,2025-11-24,Hot Iron 1,12:00-13:00,Dobos Fanny,nyugati
Szerda,2025-11-26,Dinamikus jóga,12:00-13:00,Erdős Réka ,nyugati
Péntek,2025-11-28,Hot Iron 1,12:00-13:00,Dobos Fanny,nyugati
Szombat,2025-11-29,Pilates.,12:00-13:00,Erdős Réka ,nyugati
Péntek,2025-11-28,Pilates.,15:00-16:00,Polányi Petra,nyugati
Vasárnap,2025-11-30,Pilates.,15:45-16:45,Kárpáti Ildikó HU/EN,nyugati
Hétfő,2025-11-24,Pilates.,16:00-17:00,Polányi Petra,nyugati
Hétfő,2025-11-24,Zumba,16:45-17:45,Kovács Andrea,nyugati
Kedd,2025-11-25,Alakformáló,16:00-17:00,Ábrahám Zsanna,nyugati
Kedd,2025-11-25,Indoor Cycling ICG,16:30-17:30,Böröcz Anita,nyugati
Kedd,2025-11-25,Gerinctorna+stretching,16:45-17:45,Kocsis Kata,nyugati
Szerda,2025-11-26,Pilates.,16:00-17:00,Polányi Petra,nyugati
Szerda,2025-11-26,Zumba,16:45-17:45,Kovács Andrea,nyugati
Csütörtök,2025-11-27,Alakformáló,16:00-17:00,Ábrahám Zsanna,nyugati
Csütörtök,2025-11-27,Indoor Cycling ICG,16:30-17:30,Böröcz Anita,nyugati
Csütörtök,2025-11-27,Gerinctorna+stretching,16:45-17:45,Kocsis Kata,nyugati
Péntek,2025-11-28,Alakformáló,16:00-17:00,Polányi Petra,nyugati
Péntek,2025-11-28,Jóga & Stretching,16:45-17:45,Szabó Júlia,nyugati
Vasárnap,2025-11-30,Stretching,16:45-17:45,Kárpáti Ildikó HU/EN,nyugati
Hétfő,2025-11-24,Alakformáló,17:00-18:00,Polányi Petra,nyugati
Hétfő,2025-11-24,Funkcionális köredzés,17:15-18:15,Balog Bíborka Bella ,nyugati
Hétfő,2025-11-24,Indoor Cycling ICG,17:30-18:30,Csonka Anita ,nyugati
Hétfő,2025-11-24,Pilates,17:45-18:45,Tornai Piroska HU/EN,nyugati
Kedd,2025-11-25,Zsírégető,17:00-18:00,Ábrahám Zsanna,nyugati
Kedd,2025-11-25,Cross Training,17:15-18:15,Gerencsér Ágnes,nyugati
Kedd,2025-11-25,Indoor Cycling ICG,17:30-18:30,Kazi Alex,nyugati
Kedd,2025-11-25,Pilates,17:45-18:45,Kocsis Kata,nyugati
Szerda,2025-11-26,Alakformáló,17:00-18:00,Polányi Petra,nyugati
Szerda,2025-11-26,Funkcionális köredzés,17:15-18:15,Balog Bíborka Bella ,nyugati
Szerda,2025-11-26,Indoor Cycling ICG,17:30-18:30,Csonka Anita ,nyugati
Szerda,2025-11-26,Pilates,17:45-18:45,Tornai Piroska HU/EN,nyugati
Csütörtök,2025-11-27,Zsírégető,17:00-18:00,Fazekas Éva,nyugati
Csütörtök,2025-11-27,Cross Training,17:15-18:15,Gerencsér Ágnes,nyugati
Csütörtök,2025-11-27,Indoor Cycling ICG,17:30-18:30,Kazi Alex,nyugati
Csütörtök,2025-11-27,Pilates,17:45-18:45,Kocsis Kata,nyugati
Péntek,2025-11-28,Zsírégető,17:00-18:00,Ábrahám Zsanna,nyugati
Péntek,2025-11-28,Cross Training,17:15-18:30,Balog Bíborka Bella ,nyugati
Péntek,2025-11-28,Indoor Cycling ICG,17:30-18:30,Králik Eszter HU/EN,nyugati
Péntek,2025-11-28,Gerinctorna,17:45-18:45,Böröcz Anita,nyugati
Vasárnap,2025-11-30,Alakformáló,17:00-18:00,Böröcz Anita,nyugati
Vasárnap,2025-11-30,Gerinctorna,17:45-18:45,Kárpáti Ildikó HU/EN,nyugati
Hétfő,2025-11-24,Hot Iron Cross,18:00-19:00,Radácsy Petra,nyugati
Hétfő,2025-11-24,TRX köredzés,18:15-19:15,Tordai Luca,nyugati
Hétfő,2025-11-24,Indoor Cycling ICG,18:30-19:30,Takács Henriett,nyugati
Hétfő,2025-11-24,Gerinctorna+stretching,18:45-19:45,Csonka Anita ,nyugati
Kedd,2025-11-25,Giryafit,18:00-19:00,Fischer Gábor HU/EN,nyugati
Kedd,2025-11-25,TRX köredzés,18:15-19:15,Ajanidisz Teodóra,nyugati
Kedd,2025-11-25,Indoor Cycling ICG,18:30-19:30,Kazi Alex,nyugati
Kedd,2025-11-25,Jóga,18:45-19:45,Kovács Rózsa ,nyugati
Szerda,2025-11-26,Hot Iron II,18:00-19:00,Radácsy Petra,nyugati
Szerda,2025-11-26,Cross Training,18:15-19:15,Balog Bíborka Bella ,nyugati
Szerda,2025-11-26,Indoor Cycling ICG,18:30-19:30,Takács Henriett,nyugati
Szerda,2025-11-26,Gerinctorna+stretching,18:45-19:45,Csonka Anita ,nyugati
Csütörtök,2025-11-27,Giryafit,18:00-19:00,Fischer Gábor HU/EN,nyugati
Csütörtök,2025-11-27,TRX köredzés,18:15-19:15,Ajanidisz Teodóra,nyugati
Csütörtök,2025-11-27,Indoor Cycling ICG,18:30-19:30,Kazi Alex,nyugati
Csütörtök,2025-11-27,Jóga,18:45-19:45,Kovács Rózsa ,nyugati
Péntek,2025-11-28,Hot Iron I,18:00-19:00,Ábrahám Zsanna,nyugati
Péntek,2025-11-28,Runners' Gym,18:30-19:30,Balog Bíborka Bella ,nyugati
Vasárnap,2025-11-30,Funkcionális köredzés,18:15-19:15,Gerencsér Ágnes,nyugati
Hétfő,2025-11-24,Alakformáló,19:00-20:00,Vatamány Krisztina ,nyugati
Hétfő,2025-11-24,Indoor Cycling ICG,19:30-20:30,Szőcs Gabi HU/EN,nyugati
Hétfő,2025-11-24,Flow jóga,19:45-20:45,Szabó Júlia,nyugati
Kedd,2025-11-25,Zsírégető,19:00-20:00,Kabai Petra,nyugati
Kedd,2025-11-25,Runners' Gym,19:15-20:15,Szalma Borka,nyugati
Kedd,2025-11-25,Pilates,19:45-20:45,Ajanidisz Teodóra,nyugati
Szerda,2025-11-26,Alakformáló,19:00-20:00,Vatamány Krisztina ,nyugati
Szerda,2025-11-26,Indoor Cycling ICG,19:30-20:30,Szalai Ági HU/EN,nyugati
Szerda,2025-11-26,Flow jóga,19:45-20:45,Szabó Júlia,nyugati
Csütörtök,2025-11-27,Zsírégető,19:00-20:00,Kabai Petra,nyugati
Csütörtök,2025-11-27,Runners' Gym,19:15-20:15,Szalma Borka,nyugati
Csütörtök,2025-11-27,Pilates,19:45-20:45,Ajanidisz Teodóra,nyugati
Péntek,2025-11-28,Zsírégető,19:00-20:00,Berki Betti ,nyugati
Hétfő,2025-11-24,Aerial yoga,20:00-21:00,Angyal Kyra ,nyugati
Kedd,2025-11-25,Alakformáló,20:00-21:00,Berki Betti ,nyugati
Csütörtök,2025-11-27,Alakformáló,20:00-21:00,Berki Betti ,nyugati
Hétfő,2025-11-17,TRX köredzés,06:30-07:30,Ujvári Cili,corvin
Szerda,2025-11-19,TRX köredzés,06:30-07:30,Ujvári Cili,corvin
Péntek,2025-11-21,TRX köredzés,06:30-07:30,Ujvári Cili,corvin
Hétfő,2025-11-17,Indoor Cycling ICG,07:00-08:00,Trankó Ida ,corvin
Kedd,2025-11-18,Funkcionális köredzés,07:00-08:00,Trankó Ida ,corvin
Kedd,2025-11-18,Gerinctorna,07:00-08:00,Kocsis Kata,corvin
Kedd,2025-11-18,Indoor Cycling ICG,07:00-08:00,Sas Eszter,corvin
Szerda,2025-11-19,Alakformáló,07:00-08:00,Hankó Nóri,corvin
Szerda,2025-11-19,Indoor Cycling ICG,07:00-08:00,Csonka Anita ,corvin
Szerda,2025-11-19,Funkcionális köredzés,07:30-08:30,Kovács Laura,corvin
Csütörtök,2025-11-20,Funkcionális köredzés,07:00-08:00,Trankó Ida ,corvin
Csütörtök,2025-11-20,Indoor Cycling ICG,07:00-08:00,Sas Eszter,corvin
Péntek,2025-11-21,Alakformáló,07:00-08:00,Hankó Nóri,corvin
Péntek,2025-11-21,Gerinctorna+stretching.,07:00-08:00,Kocsis Kata,corvin
Péntek,2025-11-21,Funkcionális köredzés,07:30-08:30,Kovács Laura,corvin
Kedd,2025-11-18,Pilates&stretching,08:00-09:00,Kocsis Kata,corvin
Szerda,2025-11-19,Jóga & Stretching,08:00-09:00,Csonka Anita ,corvin
Hétfő,2025-11-17,Alakformáló,09:00-10:00,Kovács Laura,corvin
Kedd,2025-11-18,Cross Training,09:30-10:30,Sas Eszter,corvin
Szerda,2025-11-19,Alakformáló,09:00-10:00,Kovács Laura,corvin
Csütörtök,2025-11-20,Cross Training,09:30-10:30,Sas Eszter,corvin
Péntek,2025-11-21,Alakformáló,09:00-10:00,Kovács Laura,corvin
Szombat,2025-11-22,Alakformáló,09:00-10:00,Paulovics Adrienn,corvin
Szombat,2025-11-22,Dance Step,09:00-10:00,Csonka Anita ,corvin
Vasárnap,2025-11-23,Cross Training,09:30-10:30,Sas Eszter,corvin
Hétfő,2025-11-17,Stretching.,10:00-11:00,Kovács Laura,corvin
Szerda,2025-11-19,Stretching.,10:00-11:00,Kovács Laura,corvin
Péntek,2025-11-21,Jóga,10:00-11:00,Csonka Anita ,corvin
Péntek,2025-11-21,Cross Training,10:30-11:30,Sas Eszter,corvin
Szombat,2025-11-22,Gerinctorna,10:00-11:00,Paulovics Adrienn,corvin
Szombat,2025-11-22,Indoor Cycling ICG,10:00-11:00,Csonka Anita ,corvin
Szombat,2025-11-22,Cross Training,10:30-11:45,Szőcs Gabi HU/EN,corvin
Vasárnap,2025-11-23,Alakformáló,10:00-11:00,Gyurkovics Anikó HU/EN,corvin
Vasárnap,2025-11-23,Hot Iron II,10:30-11:30,Molnár Dani,corvin
Hétfő,2025-11-17,Giryafit,11:00-12:00,Sas Eszter,corvin
Szerda,2025-11-19,Giryafit,11:00-12:00,Sas Eszter,corvin
Vasárnap,2025-11-23,Kangoo,11:00-12:30,Gyurkovics Anikó HU/EN,corvin
Hétfő,2025-11-17,Cardio Kick-box,12:00-13:00,Kalamár Eszter,corvin
Hétfő,2025-11-17,TRX,12:30-13:30,Sas Eszter,corvin
Kedd,2025-11-18,Funkcionális köredzés,12:00-13:00,Kalamár Eszter,corvin
Szerda,2025-11-19,Cross Training,12:00-13:00,Sas Eszter,corvin
Csütörtök,2025-11-20,Funkcionális köredzés,12:00-13:00,Kalamár Eszter,corvin
Vasárnap,2025-11-23,Jóga.,12:00-13:30,Palkó Roberta HU/EN,corvin
Hétfő,2025-11-17,Zsírégető,16:00-17:00,Kovács Laura,corvin
Hétfő,2025-11-17,Hot Iron Cross,16:30-17:30,Radácsy Petra,corvin
Kedd,2025-11-18,Alakformáló,16:00-17:00,Csonka Anita ,corvin
Kedd,2025-11-18,Indoor Cycling ICG,16:30-17:30,Dicső Inez HU/EN,corvin
Szerda,2025-11-19,Zsírégető,16:00-17:00,Kovács Laura,corvin
Szerda,2025-11-19,Hot Iron 2,16:30-17:30,Radácsy Petra,corvin
Csütörtök,2025-11-20,Indoor Cycling ICG,16:30-17:30,Szabó Nahid HU/EN,corvin
Csütörtök,2025-11-20,TRX köredzés,16:30-17:30,Kovács Laura,corvin
Péntek,2025-11-21,Zsírégető,16:00-17:00,Csonka Anita ,corvin
Péntek,2025-11-21,Funkcionális step,16:30-17:30,Kalamár Eszter,corvin
Szombat,2025-11-22,Pilates,16:00-17:00,Kocsis Kata,corvin
Vasárnap,2025-11-23,Salsa Fitness,16:00-17:00,Osvaldo,corvin
Vasárnap,2025-11-23,Szauna felöntés,16:00-16:20,Szaunamester Corvin,corvin
Vasárnap,2025-11-23,Szauna felöntés,16:50-17:10,Szaunamester Corvin,corvin
Hétfő,2025-11-17,Dinamikus gerinctorna,17:00-18:00,Kocsis Kata,corvin
Hétfő,2025-11-17,Indoor Cycling ICG,17:30-18:30,Dicső Inez HU/EN,corvin
Hétfő,2025-11-17,TRX köredzés,17:30-18:30,Gyurkovics Anikó HU/EN,corvin
Kedd,2025-11-18,DEEPWORK ,17:00-18:00,Erdélyi Annamari,corvin
Kedd,2025-11-18,Hatha jóga.,17:15-18:15,Vörös Alexandra ,corvin
Kedd,2025-11-18,Intervall Cycling  ICG,17:30-18:30,Kilin Tomi,corvin
Kedd,2025-11-18,TRX köredzés,17:30-18:30,Kovács Laura,corvin
Szerda,2025-11-19,Dinamikus gerinctorna,17:00-18:00,Kocsis Kata,corvin
Szerda,2025-11-19,Cross Training,17:30-18:30,Kovács Laura,corvin
Szerda,2025-11-19,Indoor Cycling ICG,17:30-18:30,Dicső Inez HU/EN,corvin
Csütörtök,2025-11-20,DEEPWORK ,17:00-18:00,Erdélyi Annamari,corvin
Csütörtök,2025-11-20,Hatha jóga.,17:15-18:15,Vörös Alexandra ,corvin
Csütörtök,2025-11-20,Cross Training,17:30-18:30,Kovács Laura,corvin
Csütörtök,2025-11-20,Intervall Cycling  ICG,17:30-18:30,Kilin Tomi,corvin
Péntek,2025-11-21,Kangoo,17:00-18:00,Gyurkovics Anikó HU/EN,corvin
Péntek,2025-11-21,Pilates.,17:15-18:15,Angyal Mercédesz ,corvin
Péntek,2025-11-21,Indoor Cycling ICG,17:30-18:30,Szalai Ági HU/EN,corvin
Szombat,2025-11-22,Japán jóga/Do-in,17:00-18:00,Kocsis Kata,corvin
Vasárnap,2025-11-23,Alakformáló,17:00-18:00,Majoros Anikó,corvin
Vasárnap,2025-11-23,Funkcionális köredzés,17:30-18:30,Kovács Laura,corvin
Vasárnap,2025-11-23,Szauna felöntés,17:40-18:00,Szaunamester Corvin,corvin
Hétfő,2025-11-17,Alakformáló,18:00-19:00,Czigány Betti,corvin
Hétfő,2025-11-17,Pilates.,18:15-19:15,Kocsis Kata,corvin
Hétfő,2025-11-17,Cross Training,18:30-19:30,Kaszás Lilla,corvin
Hétfő,2025-11-17,Indoor Cycling ICG,18:30-19:30,Dicső Inez HU/EN,corvin
Kedd,2025-11-18,Full kondi,18:00-19:00,Erdélyi Annamari,corvin
Kedd,2025-11-18,Pilates.,18:15-19:15,Majoros Anikó,corvin
Kedd,2025-11-18,Cross Training,18:30-19:30,Kovács Laura,corvin
Kedd,2025-11-18,Indoor Cycling ICG,18:30-19:30,Kilin Tomi,corvin
Szerda,2025-11-19,Alakformáló,18:00-19:00,Czigány Betti,corvin
Szerda,2025-11-19,Pilates.,18:15-19:15,Kocsis Kata,corvin
Szerda,2025-11-19,Indoor Cycling ICG,18:30-19:30,Dicső Inez HU/EN,corvin
Szerda,2025-11-19,TRX köredzés,18:30-19:30,Trankó Ida ,corvin
Csütörtök,2025-11-20,Full kondi,18:00-19:00,Erdélyi Annamari,corvin
Csütörtök,2025-11-20,Pilates.,18:15-19:15,Majoros Anikó,corvin
Csütörtök,2025-11-20,Hot Iron Cross,18:30-19:30,Molnár Dani,corvin
Csütörtök,2025-11-20,Indoor Cycling ICG,18:30-19:30,Kilin Tomi,corvin
Péntek,2025-11-21,Alakformáló,18:00-19:00,Gyurkovics Anikó HU/EN,corvin
Péntek,2025-11-21,Indoor Cycling ICG,18:30-19:30,Szalai Ági HU/EN,corvin
Szombat,2025-11-22,Indoor Cycling ICG,18:00-19:00,Molnár Tibor ,corvin
Vasárnap,2025-11-23,Pilates,18:00-19:00,Majoros Anikó,corvin
Vasárnap,2025-11-23,Szauna felöntés,18:30-18:50,Szaunamester Corvin,corvin
Hétfő,2025-11-17,Kangoo,19:00-20:00,Gyurkovics Anikó HU/EN,corvin
Hétfő,2025-11-17,Gerinctorna+stretching.,19:15-20:15,Paulovics Adrienn,corvin
Hétfő,2025-11-17,Indoor Cycling ICG,19:30-20:30,Németh Szabina HU/EN,corvin
Hétfő,2025-11-17,Runners' Gym,19:30-20:30,Trankó Ida ,corvin
Kedd,2025-11-18,Party Fitnesz,19:00-20:00,Lőrincz Ernő,corvin
Kedd,2025-11-18,BODYART,19:15-20:15,Nyőgér Ági HU/EN,corvin
Kedd,2025-11-18,Indoor Cycling ICG,19:30-20:30,Molnár Tibor ,corvin
Kedd,2025-11-18,TRX köredzés,19:30-20:30,Majoros Anikó,corvin
Szerda,2025-11-19,Kangoo,19:00-20:00,Gyurkovics Anikó HU/EN,corvin
Szerda,2025-11-19,Gerinctorna+stretching.,19:15-20:15,Paulovics Adrienn,corvin
Szerda,2025-11-19,Indoor Cycling ICG,19:30-20:30,Németh Szabina HU/EN,corvin
Szerda,2025-11-19,Runners' Gym,19:30-20:30,Trankó Ida ,corvin
Csütörtök,2025-11-20,Alakformáló,19:00-20:00,Lőrincz Ernő,corvin
Csütörtök,2025-11-20,BODYART,19:15-20:15,Nyőgér Ági HU/EN,corvin
Csütörtök,2025-11-20,Indoor Cycling ICG,19:30-20:30,Molnár Tibor ,corvin
Csütörtök,2025-11-20,TRX köredzés,19:30-21:00,Majoros Anikó,corvin
Péntek,2025-11-21,Salsa Fitness,19:00-20:00,Osvaldo,corvin
Hétfő,2025-11-17,Alakformáló,20:00-21:00,Gyurkovics Anikó HU/EN,corvin
Szerda,2025-11-19,Alakformáló,20:00-21:00,Gyurkovics Anikó HU/EN,corvin
Hétfő,2025-11-24,TRX köredzés,06:30-07:30,Ujvári Cili,corvin
Szerda,2025-11-26,TRX köredzés,06:30-07:30,Ujvári Cili,corvin
Péntek,2025-11-28,TRX köredzés,06:30-07:30,Ujvári Cili,corvin
Hétfő,2025-11-24,Indoor Cycling ICG,07:00-08:00,Trankó Ida ,corvin
Kedd,2025-11-25,Funkcionális köredzés,07:00-08:00,Trankó Ida ,corvin
Kedd,2025-11-25,Gerinctorna,07:00-08:00,Kocsis Kata,corvin
Kedd,2025-11-25,Indoor Cycling ICG,07:00-08:00,Sas Eszter,corvin
Szerda,2025-11-26,Alakformáló,07:00-08:00,Hankó Nóri,corvin
Szerda,2025-11-26,Indoor Cycling ICG,07:00-08:00,Trankó Ida ,corvin
Szerda,2025-11-26,Funkcionális köredzés,07:30-08:30,Kovács Laura,corvin
Csütörtök,2025-11-27,Funkcionális köredzés,07:00-08:00,Trankó Ida ,corvin
Csütörtök,2025-11-27,Indoor Cycling ICG,07:00-08:00,Sas Eszter,corvin
Péntek,2025-11-28,Alakformáló,07:00-08:00,Hankó Nóri,corvin
Péntek,2025-11-28,Gerinctorna+stretching.,07:00-08:00,Kocsis Kata,corvin
Péntek,2025-11-28,Funkcionális köredzés,07:30-08:30,Kovács Laura,corvin
Kedd,2025-11-25,Pilates&stretching,08:00-09:00,Kocsis Kata,corvin
Szerda,2025-11-26,Jóga & Stretching,08:00-09:00,Csonka Anita ,corvin
Hétfő,2025-11-24,Alakformáló,09:00-10:00,Kovács Laura,corvin
Kedd,2025-11-25,Cross Training,09:30-10:30,Sas Eszter,corvin
Szerda,2025-11-26,Alakformáló,09:00-10:00,Kovács Laura,corvin
Csütörtök,2025-11-27,Cross Training,09:30-10:30,Sas Eszter,corvin
Péntek,2025-11-28,Alakformáló,09:00-10:00,Kovács Laura,corvin
Szombat,2025-11-29,Alakformáló,09:00-10:00,Paulovics Adrienn,corvin
Szombat,2025-11-29,Dance Step,09:00-10:00,Csonka Anita ,corvin
Vasárnap,2025-11-30,Cross Training,09:30-10:30,Sas Eszter,corvin
Hétfő,2025-11-24,Stretching.,10:00-11:00,Kovács Laura,corvin
Szerda,2025-11-26,Stretching.,10:00-11:00,Kovács Laura,corvin
Péntek,2025-11-28,Jóga,10:00-11:00,Csonka Anita ,corvin
Péntek,2025-11-28,Cross Training,10:30-11:30,Sas Eszter,corvin
Szombat,2025-11-29,Gerinctorna,10:00-11:00,Paulovics Adrienn,corvin
Szombat,2025-11-29,Indoor Cycling ICG,10:00-11:00,Csonka Anita ,corvin
Szombat,2025-11-29,Cross Training,10:30-11:45,Szőcs Gabi HU/EN,corvin
Vasárnap,2025-11-30,Alakformáló,10:00-11:00,Gyurkovics Anikó HU/EN,corvin
Vasárnap,2025-11-30,Hot Iron II,10:30-11:30,Molnár Dani,corvin
Hétfő,2025-11-24,Giryafit,11:00-12:00,Sas Eszter,corvin
Szerda,2025-11-26,Giryafit,11:00-12:00,Sas Eszter,corvin
Vasárnap,2025-11-30,Kangoo,11:00-12:30,Gyurkovics Anikó HU/EN,corvin
Hétfő,2025-11-24,Cardio Kick-box,12:00-13:00,Kalamár Eszter,corvin
Hétfő,2025-11-24,TRX,12:30-13:30,Sas Eszter,corvin
Kedd,2025-11-25,Funkcionális köredzés,12:00-13:00,Kalamár Eszter,corvin
Szerda,2025-11-26,Cross Training,12:00-13:00,Sas Eszter,corvin
Csütörtök,2025-11-27,Funkcionális köredzés,12:00-13:00,Kalamár Eszter,corvin
Vasárnap,2025-11-30,Jóga.,12:00-13:30,Palkó Roberta HU/EN,corvin
Hétfő,2025-11-24,Zsírégető,16:00-17:00,Kovács Laura,corvin
Hétfő,2025-11-24,Hot Iron Cross,16:30-17:30,Radácsy Petra,corvin
Kedd,2025-11-25,Alakformáló,16:00-17:00,Csonka Anita ,corvin
Kedd,2025-11-25,Indoor Cycling ICG,16:30-17:30,Dicső Inez HU/EN,corvin
Szerda,2025-11-26,Zsírégető,16:00-17:00,Kovács Laura,corvin
Szerda,2025-11-26,Hot Iron 2,16:30-17:30,Radácsy Petra,corvin
Csütörtök,2025-11-27,Indoor Cycling ICG,16:30-17:30,Dicső Inez HU/EN,corvin
Csütörtök,2025-11-27,TRX köredzés,16:30-17:30,Kovács Laura,corvin
Péntek,2025-11-28,Zsírégető,16:00-17:00,Csonka Anita ,corvin
Péntek,2025-11-28,Funkcionális step,16:30-17:30,Kalamár Eszter,corvin
Szombat,2025-11-29,Pilates,16:00-17:00,Kocsis Kata,corvin
Vasárnap,2025-11-30,Salsa Fitness,16:00-17:00,Osvaldo,corvin
Vasárnap,2025-11-30,Szauna felöntés,16:00-16:20,Szaunamester Corvin,corvin
Vasárnap,2025-11-30,Szauna felöntés,16:50-17:10,Szaunamester Corvin,corvin
Hétfő,2025-11-24,Dinamikus gerinctorna,17:00-18:00,Kocsis Kata,corvin
Hétfő,2025-11-24,Indoor Cycling ICG,17:30-18:30,Dicső Inez HU/EN,corvin
Hétfő,2025-11-24,TRX köredzés,17:30-18:30,Gyurkovics Anikó HU/EN,corvin
Kedd,2025-11-25,DEEPWORK ,17:00-18:00,Erdélyi Annamari,corvin
Kedd,2025-11-25,Hatha jóga.,17:15-18:15,Vörös Alexandra ,corvin
Kedd,2025-11-25,Intervall Cycling  ICG,17:30-18:30,Kilin Tomi,corvin
Kedd,2025-11-25,TRX köredzés,17:30-18:30,Kovács Laura,corvin
Szerda,2025-11-26,Dinamikus gerinctorna,17:00-18:00,Kocsis Kata,corvin
Szerda,2025-11-26,Cross Training,17:30-18:30,Kovács Laura,corvin
Szerda,2025-11-26,Indoor Cycling ICG,17:30-18:30,Dicső Inez HU/EN,corvin
Csütörtök,2025-11-27,DEEPWORK ,17:00-18:00,Erdélyi Annamari,corvin
Csütörtök,2025-11-27,Hatha jóga.,17:15-18:15,Vörös Alexandra ,corvin
Csütörtök,2025-11-27,Cross Training,17:30-18:30,Kovács Laura,corvin
Csütörtök,2025-11-27,Intervall Cycling  ICG,17:30-18:30,Kilin Tomi,corvin
Péntek,2025-11-28,Kangoo,17:00-18:00,Gyurkovics Anikó HU/EN,corvin
Péntek,2025-11-28,Pilates.,17:15-18:15,Reitter Zsófia,corvin
Péntek,2025-11-28,Indoor Cycling ICG,17:30-18:30,Szalai Ági HU/EN,corvin
Szombat,2025-11-29,Japán jóga/Do-in,17:00-18:00,Kocsis Kata,corvin
Vasárnap,2025-11-30,Alakformáló,17:00-18:00,Majoros Anikó,corvin
Vasárnap,2025-11-30,Funkcionális köredzés,17:30-18:30,Kovács Laura,corvin
Vasárnap,2025-11-30,Szauna felöntés,17:40-18:00,Szaunamester Corvin,corvin
Hétfő,2025-11-24,Alakformáló,18:00-19:00,Czigány Betti,corvin
Hétfő,2025-11-24,Pilates.,18:15-19:15,Kocsis Kata,corvin
Hétfő,2025-11-24,Cross Training,18:30-19:30,Kaszás Lilla,corvin
Hétfő,2025-11-24,Indoor Cycling ICG,18:30-19:30,Dicső Inez HU/EN,corvin
Kedd,2025-11-25,Full kondi,18:00-19:00,Erdélyi Annamari,corvin
Kedd,2025-11-25,Pilates.,18:15-19:15,Majoros Anikó,corvin
Kedd,2025-11-25,Cross Training,18:30-19:30,Kovács Laura,corvin
Kedd,2025-11-25,Indoor Cycling ICG,18:30-19:30,Kilin Tomi,corvin
Szerda,2025-11-26,Alakformáló,18:00-19:00,Czigány Betti,corvin
Szerda,2025-11-26,Pilates.,18:15-19:15,Kocsis Kata,corvin
Szerda,2025-11-26,Indoor Cycling ICG,18:30-19:30,Dicső Inez HU/EN,corvin
Szerda,2025-11-26,TRX köredzés,18:30-19:30,Trankó Ida ,corvin
Csütörtök,2025-11-27,Full kondi,18:00-19:00,Erdélyi Annamari,corvin
Csütörtök,2025-11-27,Pilates.,18:15-19:15,Majoros Anikó,corvin
Csütörtök,2025-11-27,Hot Iron Cross,18:30-19:30,Molnár Dani,corvin
Csütörtök,2025-11-27,Indoor Cycling ICG,18:30-19:30,Kilin Tomi,corvin
Péntek,2025-11-28,Alakformáló,18:00-19:00,Gyurkovics Anikó HU/EN,corvin
Péntek,2025-11-28,Indoor Cycling ICG,18:30-19:30,Szalai Ági HU/EN,corvin
Péntek,2025-11-28,Jóga.,18:30-19:30,Palkó Roberta HU/EN,corvin
Szombat,2025-11-29,Indoor Cycling ICG,18:00-19:00,Molnár Tibor ,corvin
Vasárnap,2025-11-30,Szauna felöntés,18:30-18:50,Szaunamester Corvin,corvin
Hétfő,2025-11-24,Kangoo,19:00-20:00,Gyurkovics Anikó HU/EN,corvin
Hétfő,2025-11-24,Gerinctorna+stretching.,19:15-20:15,Paulovics Adrienn,corvin
Hétfő,2025-11-24,Indoor Cycling ICG,19:30-20:30,Németh Szabina HU/EN,corvin
Hétfő,2025-11-24,Runners' Gym,19:30-20:30,Trankó Ida ,corvin
Kedd,2025-11-25,Party Fitnesz,19:00-20:00,Lőrincz Ernő,corvin
Kedd,2025-11-25,BODYART,19:15-20:15,Nyőgér Ági HU/EN,corvin
Kedd,2025-11-25,Indoor Cycling ICG,19:30-20:30,Molnár Tibor ,corvin
Kedd,2025-11-25,TRX köredzés,19:30-20:30,Majoros Anikó,corvin
Szerda,2025-11-26,Kangoo,19:00-20:00,Gyurkovics Anikó HU/EN,corvin
Szerda,2025-11-26,Gerinctorna+stretching.,19:15-20:15,Paulovics Adrienn,corvin
Szerda,2025-11-26,Indoor Cycling ICG,19:30-20:30,Németh Szabina HU/EN,corvin
Szerda,2025-11-26,Runners' Gym,19:30-20:30,Trankó Ida ,corvin
Csütörtök,2025-11-27,Alakformáló,19:00-20:00,Lőrincz Ernő,corvin
Csütörtök,2025-11-27,BODYART,19:15-20:15,Nyőgér Ági HU/EN,corvin
Csütörtök,2025-11-27,TRX köredzés,19:30-21:00,Majoros Anikó,corvin
Péntek,2025-11-28,Salsa Fitness,19:00-20:00,Osvaldo,corvin
Hétfő,2025-11-24,Alakformáló,20:00-21:00,Gyurkovics Anikó HU/EN,corvin
Szerda,2025-11-26,Alakformáló,20:00-21:00,Gyurkovics Anikó HU/EN,corvin
Hétfő,2025-11-17,BODYART,07:45-08:45,Gergye Laura ,springday
Kedd,2025-11-18,Funkcionális köredzés,07:00-08:00,Palkó Roberta HU/EN,springday
Szerda,2025-11-19,BODYART,07:45-08:45,Gergye Laura ,springday
Csütörtök,2025-11-20,Funkcionális köredzés,07:00-08:00,Palkó Roberta HU/EN,springday
Péntek,2025-11-21,BODYART,07:45-08:45,Gergye Laura ,springday
Hétfő,2025-11-17,Aquafitness,08:30-09:15,Tihanyi Ákos ,springday
Kedd,2025-11-18,Gerinctorna,08:00-09:00,Kalló Zsuzsa ,springday
Szerda,2025-11-19,Aquafitness,08:30-09:15,Tihanyi Ákos ,springday
Csütörtök,2025-11-20,Gerinctorna,08:00-09:00,Kalló Zsuzsa ,springday
Péntek,2025-11-21,Gerinctorna,08:00-09:00,Kalló Zsuzsa ,springday
Péntek,2025-11-21,Aquafitness,08:30-09:15,Tihanyi Ákos ,springday
Hétfő,2025-11-17,Spinning,09:00-10:00,Gergye Laura ,springday
Kedd,2025-11-18,Pilates gerinc,09:00-10:00,Párdi Erika HU/EN,springday
Kedd,2025-11-18,Aquafitness,09:15-10:00,Kalló Zsuzsa ,springday
Szerda,2025-11-19,Spinning,09:00-10:00,Gergye Laura ,springday
Szerda,2025-11-19,Aquafitness,09:15-10:00,Andris Anita ,springday
Csütörtök,2025-11-20,Pilates,09:00-10:00,Párdi Erika HU/EN,springday
Csütörtök,2025-11-20,Aquafitness,09:15-10:00,Kalló Zsuzsa ,springday
Péntek,2025-11-21,Spinning,09:00-10:00,Gergye Laura ,springday
Péntek,2025-11-21,Aquafitness,09:15-10:00,Andris Anita ,springday
Péntek,2025-11-21,Pilates gerinc.,09:15-10:15,Párdi Erika HU/EN,springday
Szombat,2025-11-22,Aquafitness,09:00-09:45,Kalló Zsuzsa ,springday
Szombat,2025-11-22,Zsírégető,09:00-10:00,Ugróczi Móni ,springday
Szombat,2025-11-22,Funkcionális köredzés,09:30-10:30,Gerencsér Ágnes,springday
Vasárnap,2025-11-23,Alakformáló,09:30-10:30,Fazekas Éva,springday
Hétfő,2025-11-17,Baba-mama torna,10:00-11:00,Kalló Zsuzsa ,springday
Kedd,2025-11-18,Aquabike,10:00-10:45,Kalló Zsuzsa ,springday
Kedd,2025-11-18,Stretching.,10:15-11:15,Párdi Erika HU/EN,springday
Szerda,2025-11-19,Hot Iron,10:00-11:00,Andris Anita ,springday
Csütörtök,2025-11-20,Aquabike,10:00-10:45,Kalló Zsuzsa ,springday
Csütörtök,2025-11-20,Stretching.,10:15-11:15,Párdi Erika HU/EN,springday
Péntek,2025-11-21,Hot Iron,10:00-11:00,Andris Anita ,springday
Péntek,2025-11-21,Hatha jóga,10:15-11:15,Párdi Erika HU/EN,springday
Szombat,2025-11-22,Alakformáló,10:00-11:00,Ugróczi Móni ,springday
Szombat,2025-11-22,Spinning,10:00-11:00,Takács Henriett,springday
Szombat,2025-11-22,Cross Training,10:30-11:30,Gerencsér Ágnes,springday
Vasárnap,2025-11-23,Core training,10:30-11:30,Juhász Bianka ,springday
Vasárnap,2025-11-23,Funkcionális köredzés,10:30-11:30,Palkó Roberta HU/EN,springday
Vasárnap,2025-11-23,Stretching,11:30-12:30,Juhász Bianka ,springday
Hétfő,2025-11-17,Kezdő funkcionális köredzés ,16:30-17:30,Széles Natália,springday
Szerda,2025-11-19,Kezdő funkcionális köredzés ,16:30-17:30,Széles Natália,springday
Péntek,2025-11-21,Zsírégető,16:00-17:00,Szabó Csenge,springday
Péntek,2025-11-21,Pilates.,16:15-17:15,Kovács Rózsa ,springday
Péntek,2025-11-21,Funkcionális köredzés,16:30-17:30,Széles Natália,springday
Vasárnap,2025-11-23,Szauna felöntés,16:00-16:20,Szaunamester ,springday
Vasárnap,2025-11-23,Szauna felöntés,16:50-17:10,Szaunamester ,springday
Hétfő,2025-11-17,Alakformáló,17:00-18:00,Tímea Sifter HU/EN,springday
Hétfő,2025-11-17,DEEPWORK ,17:15-18:15,Gergye Laura ,springday
Hétfő,2025-11-17,Funkcionális köredzés,17:30-18:30,Széles Natália,springday
Hétfő,2025-11-17,Spinning,17:30-18:30,Olléh Péter,springday
Kedd,2025-11-18,Aquafitness,17:00-17:45,Andris Anita ,springday
Kedd,2025-11-18,Zsírégető,17:00-18:00,Ugróczi Móni ,springday
Kedd,2025-11-18,Core training.,17:15-18:15,Juhász Bianka ,springday
Kedd,2025-11-18,Funkcionális köredzés,17:30-18:30,Tihanyi Ákos ,springday
Szerda,2025-11-19,Alakformáló,17:00-18:00,Tímea Sifter HU/EN,springday
Szerda,2025-11-19,Szauna felöntés,17:00-17:20,Szaunamester ,springday
Szerda,2025-11-19,DEEPWORK ,17:15-18:15,Gergye Laura ,springday
Szerda,2025-11-19,Funkcionális köredzés,17:30-18:30,Széles Natália,springday
Szerda,2025-11-19,Spinning,17:30-18:30,Milovecz Tünde,springday
Szerda,2025-11-19,Szauna felöntés,17:50-18:10,Szaunamester ,springday
Csütörtök,2025-11-20,Aquafitness,17:00-17:45,Andris Anita ,springday
Csütörtök,2025-11-20,Zsírégető,17:00-18:00,Ugróczi Móni ,springday
Csütörtök,2025-11-20,Core training. ,17:15-18:15,Hesztera Dóra,springday
Csütörtök,2025-11-20,Funkcionális köredzés,17:30-18:30,Tihanyi Ákos ,springday
Péntek,2025-11-21,Alakformáló,17:00-18:00,Szabó Csenge,springday
Péntek,2025-11-21,Szauna felöntés,17:00-17:20,Szaunamester ,springday
Péntek,2025-11-21,Hatha jóga,17:15-18:15,Kovács Rózsa ,springday
Péntek,2025-11-21,Cross Training,17:30-18:30,Széles Natália,springday
Péntek,2025-11-21,Spinning,17:30-18:30,Dankó Krisztina,springday
Péntek,2025-11-21,Szauna felöntés,17:50-18:10,Szaunamester ,springday
Szombat,2025-11-22,Haladó Step aerobik,17:00-18:00,Tar Edit,springday
Vasárnap,2025-11-23,Pilates.,17:15-18:15,Kovács Rózsa ,springday
Vasárnap,2025-11-23,Szauna felöntés,17:40-18:00,Szaunamester ,springday
Hétfő,2025-11-17,Kangoo,18:00-19:00,Tímea Sifter HU/EN,springday
Hétfő,2025-11-17,Szauna felöntés,18:00-18:20,Szaunamester ,springday
Hétfő,2025-11-17,Pilates gerinc.,18:15-19:15,Párdi Erika HU/EN,springday
Hétfő,2025-11-17,Cross Training,18:30-19:30,Sas Eszter,springday
Hétfő,2025-11-17,Spinning,18:30-19:30,Gergye Laura ,springday
Hétfő,2025-11-17,Szauna felöntés,18:50-19:10,Szaunamester ,springday
Kedd,2025-11-18,Hot Iron,18:00-19:00,Andris Anita ,springday
Kedd,2025-11-18,Stretching.,18:15-19:15,Juhász Bianka ,springday
Kedd,2025-11-18,Cross Training,18:30-19:30,Tihanyi Ákos ,springday
Kedd,2025-11-18,Spinning,18:30-19:30,Milovecz Tünde,springday
Szerda,2025-11-19,Kangoo,18:00-19:00,Tímea Sifter HU/EN,springday
Szerda,2025-11-19,Pilates gerinc,18:15-19:15,Párdi Erika HU/EN,springday
Szerda,2025-11-19,Cross Training,18:30-19:30,Sas Eszter,springday
Szerda,2025-11-19,Spinning,18:30-19:30,Gergye Laura ,springday
Szerda,2025-11-19,Szauna felöntés,18:40-19:00,Szaunamester ,springday
Csütörtök,2025-11-20,Hot Iron,18:00-19:00,Andris Anita ,springday
Csütörtök,2025-11-20,Stretching.,18:15-19:15,Hesztera Dóra,springday
Csütörtök,2025-11-20,Cross Training,18:30-19:30,Tihanyi Ákos ,springday
Péntek,2025-11-21,Kangoo,18:00-19:00,Kabai Petra,springday
Péntek,2025-11-21,Kick-box köredzés,18:30-19:30,Kalamár Eszter,springday
Péntek,2025-11-21,Szauna felöntés,18:40-19:00,Szaunamester ,springday
Szombat,2025-11-22,Alakformáló,18:00-19:00,Tar Edit,springday
Vasárnap,2025-11-23,Alakformáló,18:00-19:00,Kis Zsófi,springday
Vasárnap,2025-11-23,Hatha jóga,18:15-19:15,Kovács Rózsa ,springday
Vasárnap,2025-11-23,Szauna felöntés,18:30-18:50,Szaunamester ,springday
Hétfő,2025-11-17,Zsírégető,19:00-20:00,Kis Zsófi,springday
Hétfő,2025-11-17,Hatha jóga,19:15-20:15,Párdi Erika HU/EN,springday
Hétfő,2025-11-17,Szauna felöntés,19:40-20:00,Szaunamester ,springday
Kedd,2025-11-18,Alakformáló,19:00-20:00,Tar Edit,springday
Szerda,2025-11-19,Zsírégető,19:00-20:00,Kis Zsófi,springday
Szerda,2025-11-19,Hatha jóga,19:15-20:15,Párdi Erika HU/EN,springday
Szerda,2025-11-19,Szauna felöntés,19:30-19:50,Szaunamester ,springday
Csütörtök,2025-11-20,Alakformáló,19:00-20:00,Tar Edit,springday
Péntek,2025-11-21,Alakformáló,19:00-20:00,Fazekas Éva,springday
Péntek,2025-11-21,Kick-box köredzés,19:30-20:30,Kalamár Eszter,springday
Péntek,2025-11-21,Szauna felöntés,19:30-19:50,Szaunamester ,springday
Hétfő,2025-11-17,Szauna felöntés,20:30-20:50,Szaunamester ,springday
Hétfő,2025-11-24,BODYART,07:45-08:45,Gergye Laura ,springday
Kedd,2025-11-25,Funkcionális köredzés,07:00-08:00,Palkó Roberta HU/EN,springday
Szerda,2025-11-26,BODYART,07:45-08:45,Gergye Laura ,springday
Csütörtök,2025-11-27,Funkcionális köredzés,07:00-08:00,Palkó Roberta HU/EN,springday
Péntek,2025-11-28,BODYART,07:45-08:45,Gergye Laura ,springday
Hétfő,2025-11-24,Aquafitness,08:30-09:15,Tihanyi Ákos ,springday
Kedd,2025-11-25,Gerinctorna,08:00-09:00,Kalló Zsuzsa ,springday
Szerda,2025-11-26,Aquafitness,08:30-09:15,Tihanyi Ákos ,springday
Csütörtök,2025-11-27,Gerinctorna,08:00-09:00,Kalló Zsuzsa ,springday
Péntek,2025-11-28,Gerinctorna,08:00-09:00,Kalló Zsuzsa ,springday
Péntek,2025-11-28,Aquafitness,08:30-09:15,Tihanyi Ákos ,springday
Hétfő,2025-11-24,Spinning,09:00-10:00,Gergye Laura ,springday
Kedd,2025-11-25,Pilates gerinc,09:00-10:00,Párdi Erika HU/EN,springday
Kedd,2025-11-25,Aquafitness,09:15-10:00,Kalló Zsuzsa ,springday
Szerda,2025-11-26,Spinning,09:00-10:00,Gergye Laura ,springday
Szerda,2025-11-26,Aquafitness,09:15-10:00,Andris Anita ,springday
Csütörtök,2025-11-27,Pilates,09:00-10:00,Párdi Erika HU/EN,springday
Csütörtök,2025-11-27,Aquafitness,09:15-10:00,Kalló Zsuzsa ,springday
Péntek,2025-11-28,Spinning,09:00-10:00,Gergye Laura ,springday
Péntek,2025-11-28,Aquafitness,09:15-10:00,Andris Anita ,springday
Péntek,2025-11-28,Pilates gerinc.,09:15-10:15,Párdi Erika HU/EN,springday
Szombat,2025-11-29,Aquafitness,09:00-09:45,Kalló Zsuzsa ,springday
Szombat,2025-11-29,Zsírégető,09:00-10:00,Ugróczi Móni ,springday
Szombat,2025-11-29,Funkcionális köredzés,09:30-10:30,Gerencsér Ágnes,springday
Vasárnap,2025-11-30,Alakformáló,09:30-10:30,Szabó Júlia,springday
Hétfő,2025-11-24,Baba-mama torna,10:00-11:00,Kalló Zsuzsa ,springday
Kedd,2025-11-25,Aquabike,10:00-10:45,Kalló Zsuzsa ,springday
Kedd,2025-11-25,Stretching.,10:15-11:15,Párdi Erika HU/EN,springday
Szerda,2025-11-26,Hot Iron,10:00-11:00,Andris Anita ,springday
Csütörtök,2025-11-27,Aquabike,10:00-10:45,Kalló Zsuzsa ,springday
Csütörtök,2025-11-27,Stretching.,10:15-11:15,Párdi Erika HU/EN,springday
Péntek,2025-11-28,Hot Iron,10:00-11:00,Andris Anita ,springday
Péntek,2025-11-28,Hatha jóga,10:15-11:15,Párdi Erika HU/EN,springday
Szombat,2025-11-29,Alakformáló,10:00-11:00,Ugróczi Móni ,springday
Szombat,2025-11-29,Spinning,10:00-11:00,Takács Henriett,springday
Szombat,2025-11-29,Cross Training,10:30-11:30,Gerencsér Ágnes,springday
Vasárnap,2025-11-30,Core training,10:30-11:30,Juhász Bianka ,springday
Vasárnap,2025-11-30,Funkcionális köredzés,10:30-11:30,Kárpáti Ildikó HU/EN,springday
Vasárnap,2025-11-30,Stretching,11:30-12:30,Juhász Bianka ,springday
Hétfő,2025-11-24,Kezdő funkcionális köredzés ,16:30-17:30,Széles Natália,springday
Szerda,2025-11-26,Kezdő funkcionális köredzés ,16:30-17:30,Széles Natália,springday
Péntek,2025-11-28,Zsírégető,16:00-17:00,Szabó Csenge,springday
Péntek,2025-11-28,Pilates.,16:15-17:15,Kovács Rózsa ,springday
Péntek,2025-11-28,Funkcionális köredzés,16:30-17:30,Széles Natália,springday
Vasárnap,2025-11-30,Szauna felöntés,16:00-16:20,Szaunamester ,springday
Vasárnap,2025-11-30,Szauna felöntés,16:50-17:10,Szaunamester ,springday
Hétfő,2025-11-24,Alakformáló,17:00-18:00,Tímea Sifter HU/EN,springday
Hétfő,2025-11-24,DEEPWORK ,17:15-18:15,Gergye Laura ,springday
Hétfő,2025-11-24,Funkcionális köredzés,17:30-18:30,Széles Natália,springday
Hétfő,2025-11-24,Spinning,17:30-18:30,Milovecz Tünde,springday
Kedd,2025-11-25,Aquafitness,17:00-17:45,Andris Anita ,springday
Kedd,2025-11-25,Zsírégető,17:00-18:00,Ugróczi Móni ,springday
Kedd,2025-11-25,Core training.,17:15-18:15,Juhász Bianka ,springday
Kedd,2025-11-25,Funkcionális köredzés,17:30-18:30,Tihanyi Ákos ,springday
Szerda,2025-11-26,Alakformáló,17:00-18:00,Tímea Sifter HU/EN,springday
Szerda,2025-11-26,Szauna felöntés,17:00-17:20,Szaunamester ,springday
Szerda,2025-11-26,DEEPWORK ,17:15-18:15,Gergye Laura ,springday
Szerda,2025-11-26,Funkcionális köredzés,17:30-18:30,Széles Natália,springday
Szerda,2025-11-26,Spinning,17:30-18:30,Milovecz Tünde,springday
Szerda,2025-11-26,Szauna felöntés,17:50-18:10,Szaunamester ,springday
Csütörtök,2025-11-27,Aquafitness,17:00-17:45,Andris Anita ,springday
Csütörtök,2025-11-27,Zsírégető,17:00-18:00,Ugróczi Móni ,springday
Csütörtök,2025-11-27,Core training. ,17:15-18:15,Hesztera Dóra,springday
Csütörtök,2025-11-27,Funkcionális köredzés,17:30-18:30,Tihanyi Ákos ,springday
Péntek,2025-11-28,Alakformáló,17:00-18:00,Szabó Csenge,springday
Péntek,2025-11-28,Szauna felöntés,17:00-17:20,Szaunamester ,springday
Péntek,2025-11-28,Hatha jóga,17:15-18:15,Kovács Rózsa ,springday
Péntek,2025-11-28,Cross Training,17:30-18:30,Széles Natália,springday
Péntek,2025-11-28,Spinning,17:30-18:30,Dankó Krisztina,springday
Péntek,2025-11-28,Szauna felöntés,17:50-18:10,Szaunamester ,springday
Szombat,2025-11-29,Haladó Step aerobik,17:00-18:00,Tar Edit,springday
Vasárnap,2025-11-30,Stretching,17:15-18:15,Palkó Roberta HU/EN,springday
Vasárnap,2025-11-30,Szauna felöntés,17:40-18:00,Szaunamester ,springday
Hétfő,2025-11-24,Kangoo,18:00-19:00,Tímea Sifter HU/EN,springday
Hétfő,2025-11-24,Szauna felöntés,18:00-18:20,Szaunamester ,springday
Hétfő,2025-11-24,Pilates gerinc.,18:15-19:15,Párdi Erika HU/EN,springday
Hétfő,2025-11-24,Cross Training,18:30-19:30,Sas Eszter,springday
Hétfő,2025-11-24,Spinning,18:30-19:30,Gergye Laura ,springday
Hétfő,2025-11-24,Szauna felöntés,18:50-19:10,Szaunamester ,springday
Kedd,2025-11-25,Hot Iron,18:00-19:00,Andris Anita ,springday
Kedd,2025-11-25,Stretching.,18:15-19:15,Juhász Bianka ,springday
Kedd,2025-11-25,Cross Training,18:30-19:30,Tihanyi Ákos ,springday
Kedd,2025-11-25,Spinning,18:30-19:30,Milovecz Tünde,springday
Szerda,2025-11-26,Kangoo,18:00-19:00,Tímea Sifter HU/EN,springday
Szerda,2025-11-26,Pilates gerinc,18:15-19:15,Párdi Erika HU/EN,springday
Szerda,2025-11-26,Cross Training,18:30-19:30,Sas Eszter,springday
Szerda,2025-11-26,Spinning,18:30-19:30,Gergye Laura ,springday
Szerda,2025-11-26,Szauna felöntés,18:40-19:00,Szaunamester ,springday
Csütörtök,2025-11-27,Hot Iron,18:00-19:00,Andris Anita ,springday
Csütörtök,2025-11-27,Stretching.,18:15-19:15,Hesztera Dóra,springday
Csütörtök,2025-11-27,Cross Training,18:30-19:30,Tihanyi Ákos ,springday
Péntek,2025-11-28,Kangoo,18:00-19:00,Kabai Petra,springday
Péntek,2025-11-28,Kick-box köredzés,18:30-19:30,Kalamár Eszter,springday
Péntek,2025-11-28,Szauna felöntés,18:40-19:00,Szaunamester ,springday
Szombat,2025-11-29,Alakformáló,18:00-19:00,Tar Edit,springday
Vasárnap,2025-11-30,Alakformáló,18:00-19:00,Kis Zsófi,springday
Vasárnap,2025-11-30,Hatha jóga,18:15-19:15,Palkó Roberta HU/EN,springday
Vasárnap,2025-11-30,Szauna felöntés,18:30-18:50,Szaunamester ,springday
Hétfő,2025-11-24,Zsírégető,19:00-20:00,Kis Zsófi,springday
Hétfő,2025-11-24,Hatha jóga,19:15-20:15,Párdi Erika HU/EN,springday
Hétfő,2025-11-24,Szauna felöntés,19:40-20:00,Szaunamester ,springday
Kedd,2025-11-25,Alakformáló,19:00-20:00,Tar Edit,springday
Szerda,2025-11-26,Zsírégető,19:00-20:00,Kis Zsófi,springday
Szerda,2025-11-26,Hatha jóga,19:15-20:15,Párdi Erika HU/EN,springday
Szerda,2025-11-26,Szauna felöntés,19:30-19:50,Szaunamester ,springday
Csütörtök,2025-11-27,Alakformáló,19:00-20:00,Tar Edit,springday
Péntek,2025-11-28,Alakformáló,19:00-20:00,Kabai Petra,springday
Péntek,2025-11-28,Kick-box köredzés,19:30-20:30,Kalamár Eszter,springday
Péntek,2025-11-28,Szauna felöntés,19:30-19:50,Szaunamester ,springday
Hétfő,2025-11-24,Szauna felöntés,20:30-20:50,Szaunamester ,springday
Hétfő,2025-11-17,Cross Training,06:30-07:30,Borbély Noémi HU/EN,etele
Kedd,2025-11-18,Funkcionális köredzés,06:30-07:30,Kovács Laura,etele
Kedd,2025-11-18,Indoor Cycling ICG,06:45-07:45,Olléh Péter,etele
Szerda,2025-11-19,Cross Training,06:30-07:30,Borbély Noémi HU/EN,etele
Csütörtök,2025-11-20,Funkcionális köredzés,06:30-07:30,Kovács Laura,etele
Péntek,2025-11-21,Cross Training,06:30-07:30,Borbély Noémi HU/EN,etele
Péntek,2025-11-21,Indoor Cycling ICG,06:45-07:45,Adamkó Szilvi,etele
Kedd,2025-11-18,Gerinctorna+stretching,07:30-08:30,Kovács Laura,etele
Csütörtök,2025-11-20,Gerinctorna+stretching,07:30-08:30,Kovács Laura,etele
Péntek,2025-11-21,Pilates,07:30-08:30,Majoros Anikó,etele
Szerda,2025-11-19,Alakformáló,08:00-09:00,Auer Bernadett,etele
Szombat,2025-11-22,Dinamikus jóga,08:45-09:45,Erdős Réka ,etele
Vasárnap,2025-11-23,Runners' Gym,08:30-09:30,Kovács Laura,etele
Szombat,2025-11-22,Runners' Gym,09:30-10:30,Szalma Borka,etele
Vasárnap,2025-11-23,Funkcionális köredzés,09:30-10:30,Kovács Laura,etele
Vasárnap,2025-11-23,Gerinctorna,09:45-10:30,Kárpáti Móni ,etele
Szombat,2025-11-22,Kangoo,10:00-11:00,Petracsek Virág,etele
Szombat,2025-11-22,Funkcionális köredzés,10:30-11:30,Sánta Stella HU/EN,etele
Vasárnap,2025-11-23,Indoor Cycling ICG,10:45-11:45,Kárpáti Móni ,etele
Vasárnap,2025-11-23,Stretching,10:45-11:45,Kovács Laura,etele
Kedd,2025-11-18,Funkcionális köredzés,11:30-12:30,Boros Orsolya HU/EN,etele
Csütörtök,2025-11-20,Funkcionális köredzés,11:30-12:30,Boros Orsolya HU/EN,etele
Hétfő,2025-11-17,Zsírégető,12:00-13:00,Adamkó Szilvi,etele
Hétfő,2025-11-17,Funkcionális köredzés,12:30-13:30,Szalma Borka,etele
Kedd,2025-11-18,Indoor Cycling ICG,12:00-13:00,Moldova Gyuri HU/EN,etele
Kedd,2025-11-18,Pilates,12:45-13:45,Boros Orsolya HU/EN,etele
Szerda,2025-11-19,Alakformáló,12:00-13:00,Adamkó Szilvi,etele
Szerda,2025-11-19,Funkcionális köredzés,12:30-13:30,Szalma Borka,etele
Csütörtök,2025-11-20,Indoor Cycling ICG,12:00-13:00,Moldova Gyuri HU/EN,etele
Csütörtök,2025-11-20,Pilates,12:45-13:45,Boros Orsolya HU/EN,etele
Péntek,2025-11-21,Alakformáló,12:00-13:30,Adamkó Szilvi,etele
Hétfő,2025-11-17,Pilates,15:45-16:45,Kárpáti Ildikó HU/EN,etele
Szerda,2025-11-19,Pilates,15:45-16:45,Kárpáti Ildikó HU/EN,etele
Hétfő,2025-11-17,Gerinctorna+stretching,16:45-17:45,Kárpáti Ildikó HU/EN,etele
Kedd,2025-11-18,Kezdő funkcionális köredzés ,16:30-17:30,Szentgyörgyi Lilien,etele
Kedd,2025-11-18,Dinamikus jóga,16:45-17:45,Erdős Réka ,etele
Szerda,2025-11-19,Gerinctorna+stretching,16:45-17:45,Kárpáti Ildikó HU/EN,etele
Csütörtök,2025-11-20,Kezdő funkcionális köredzés ,16:30-17:30,Szalma Borka,etele
Csütörtök,2025-11-20,Gerinctorna,16:45-17:45,Balogh Borbála,etele
Péntek,2025-11-21,TRX köredzés,16:30-17:30,Kárpáti Ildikó HU/EN,etele
Hétfő,2025-11-17,Alakformáló,17:00-18:00,Szabó Csenge,etele
Hétfő,2025-11-17,Indoor Cycling ICG,17:15-18:15,Dráviczki Sándor,etele
Hétfő,2025-11-17,Funkcionális köredzés,17:30-18:30,Majoros Anikó,etele
Hétfő,2025-11-17,Dinamikus jóga,17:45-18:45,Erdős Réka ,etele
Kedd,2025-11-18,Zsírégető,17:00-18:00,Szalma Borka,etele
Kedd,2025-11-18,Indoor Cycling ICG,17:15-18:15,Szőcs Gabi HU/EN,etele
Kedd,2025-11-18,Runners' Gym,17:30-18:30,Gyurkovics Anikó HU/EN,etele
Kedd,2025-11-18,Pilates,17:45-18:45,Erdős Réka ,etele
Szerda,2025-11-19,Alakformáló,17:00-18:00,Szabó Csenge,etele
Szerda,2025-11-19,Indoor Cycling ICG,17:15-18:15,Dráviczki Sándor,etele
Szerda,2025-11-19,Funkcionális köredzés,17:30-18:30,Majoros Anikó,etele
Szerda,2025-11-19,Dinamikus jóga,17:45-18:45,Zsombok-Macsári Dzsenifer ,etele
Csütörtök,2025-11-20,Zsírégető,17:00-18:00,Stein Fanni,etele
Csütörtök,2025-11-20,Indoor Cycling ICG,17:15-18:15,Szőcs Gabi HU/EN,etele
Csütörtök,2025-11-20,Runners' Gym,17:30-18:30,Gyurkovics Anikó HU/EN,etele
Csütörtök,2025-11-20,Stretching,17:45-18:45,Balogh Borbála,etele
Péntek,2025-11-21,Alakformáló,17:00-18:00,Auer Bernadett,etele
Péntek,2025-11-21,Funkcionális köredzés,17:30-19:00,Majoros Anikó,etele
Péntek,2025-11-21,Pilates,17:45-18:45,Kárpáti Ildikó HU/EN,etele
Szombat,2025-11-22,Alakformáló,17:00-18:00,Szalma Borka,etele
Vasárnap,2025-11-23,Alakformáló,17:00-18:00,Auer Bernadett,etele
Vasárnap,2025-11-23,Indoor Cycling ICG,17:15-18:15,Szőcs Gabi HU/EN,etele
Vasárnap,2025-11-23,Funkcionális köredzés,17:30-18:30,Szalma Borka,etele
Hétfő,2025-11-17,Zsírégető,18:00-19:00,Adamkó Szilvi,etele
Hétfő,2025-11-17,Indoor Cycling ICG,18:15-19:15,Dráviczki Sándor,etele
Hétfő,2025-11-17,TRX köredzés,18:30-19:30,Kárpáti Ildikó HU/EN,etele
Hétfő,2025-11-17,Dinamikus pilates,18:45-19:45,Szalma Borka,etele
Kedd,2025-11-18,Hot Iron I,18:00-19:00,Göde Dorka,etele
Kedd,2025-11-18,Indoor Cycling ICG,18:15-19:15,Kárpáti Móni ,etele
Kedd,2025-11-18,Funkcionális köredzés,18:30-19:30,Szebenyi Szabina,etele
Kedd,2025-11-18,Gerinctorna,18:45-19:45,Reitter Zsófia,etele
Szerda,2025-11-19,Zsírégető,18:00-19:00,Adamkó Szilvi,etele
Szerda,2025-11-19,Indoor Cycling ICG,18:15-19:15,Dráviczki Sándor,etele
Szerda,2025-11-19,TRX köredzés,18:30-19:30,Kárpáti Ildikó HU/EN,etele
Szerda,2025-11-19,Dinamikus pilates,18:45-19:45,Szalma Borka,etele
Csütörtök,2025-11-20,Hot Iron II,18:00-19:00,Göde Dorka,etele
Csütörtök,2025-11-20,Indoor Cycling ICG,18:15-19:15,Kárpáti Móni ,etele
Csütörtök,2025-11-20,Funkcionális köredzés,18:30-19:30,Szebenyi Szabina,etele
Csütörtök,2025-11-20,Gerinctorna+stretching,18:45-19:45,Kárpáti Ildikó HU/EN,etele
Péntek,2025-11-21,Hot Iron Cross,18:00-19:00,Göde Dorka,etele
Péntek,2025-11-21,Indoor Cycling ICG,18:15-19:15,Molnár Tibor ,etele
Péntek,2025-11-21,Jóga,18:45-19:45,Boros Orsolya HU/EN,etele
Szombat,2025-11-22,Cross Training,18:00-19:00,Szalma Borka,etele
Vasárnap,2025-11-23,Pilates,18:00-19:00,Oli Renáta,etele
Vasárnap,2025-11-23,Indoor Cycling ICG,18:15-19:15,Szőcs Gabi HU/EN,etele
Hétfő,2025-11-17,Kangoo,19:00-20:00,Petracsek Virág,etele
Hétfő,2025-11-17,Indoor Cycling ICG,19:15-20:15,Adamkó Szilvi,etele
Hétfő,2025-11-17,Cross Training,19:30-20:30,Kárpáti Ildikó HU/EN,etele
Hétfő,2025-11-17,Pilates,19:45-20:45,Oli Renáta,etele
Kedd,2025-11-18,Alakformáló,19:00-20:00,Gyurkovics Anikó HU/EN,etele
Kedd,2025-11-18,Cross Training,19:30-20:30,Göde Dorka,etele
Szerda,2025-11-19,Kangoo,19:00-20:00,Petracsek Virág,etele
Szerda,2025-11-19,Indoor Cycling ICG,19:15-20:15,Adamkó Szilvi,etele
Szerda,2025-11-19,Cross Training,19:30-20:30,Kárpáti Ildikó HU/EN,etele
Szerda,2025-11-19,Pilates,19:45-20:45,Oli Renáta,etele
Csütörtök,2025-11-20,Alakformáló,19:00-20:00,Gyurkovics Anikó HU/EN,etele
Csütörtök,2025-11-20,Runners' Gym,19:30-20:30,Göde Dorka,etele
Péntek,2025-11-21,Cross Training,19:00-20:00,Kárpáti Ildikó HU/EN,etele
Hétfő,2025-11-24,Cross Training,06:30-07:30,Borbély Noémi HU/EN,etele
Kedd,2025-11-25,Funkcionális köredzés,06:30-07:30,Kovács Laura,etele
Kedd,2025-11-25,Indoor Cycling ICG,06:45-07:45,Olléh Péter,etele
Szerda,2025-11-26,Cross Training,06:30-07:30,Borbély Noémi HU/EN,etele
Csütörtök,2025-11-27,Funkcionális köredzés,06:30-07:30,Kovács Laura,etele
Péntek,2025-11-28,Cross Training,06:30-07:30,Borbély Noémi HU/EN,etele
Péntek,2025-11-28,Indoor Cycling ICG,06:45-07:45,Adamkó Szilvi,etele
Kedd,2025-11-25,Gerinctorna+stretching,07:30-08:30,Kovács Laura,etele
Csütörtök,2025-11-27,Gerinctorna+stretching,07:30-08:30,Kovács Laura,etele
Péntek,2025-11-28,Pilates,07:30-08:30,Majoros Anikó,etele
Szerda,2025-11-26,Alakformáló,08:00-09:00,Auer Bernadett,etele
Szombat,2025-11-29,Dinamikus jóga,08:45-09:45,Erdős Réka ,etele
Vasárnap,2025-11-30,Runners' Gym,08:30-09:30,Kovács Laura,etele
Szombat,2025-11-29,Runners' Gym,09:30-10:30,Szalma Borka,etele
Vasárnap,2025-11-30,Funkcionális köredzés,09:30-10:30,Kovács Laura,etele
Vasárnap,2025-11-30,Gerinctorna,09:45-10:30,Kárpáti Móni ,etele
Szombat,2025-11-29,Kangoo,10:00-11:00,Petracsek Virág,etele
Szombat,2025-11-29,Funkcionális köredzés,10:30-11:30,Sánta Stella HU/EN,etele
Vasárnap,2025-11-30,Indoor Cycling ICG,10:45-11:45,Kárpáti Móni ,etele
Vasárnap,2025-11-30,Stretching,10:45-11:45,Kovács Laura,etele
Kedd,2025-11-25,Funkcionális köredzés,11:30-12:30,Boros Orsolya HU/EN,etele
Csütörtök,2025-11-27,Funkcionális köredzés,11:30-12:30,Boros Orsolya HU/EN,etele
Hétfő,2025-11-24,Zsírégető,12:00-13:00,Adamkó Szilvi,etele
Hétfő,2025-11-24,Funkcionális köredzés,12:30-13:30,Szalma Borka,etele
Kedd,2025-11-25,Indoor Cycling ICG,12:00-13:00,Moldova Gyuri HU/EN,etele
Kedd,2025-11-25,Pilates,12:45-13:45,Boros Orsolya HU/EN,etele
Szerda,2025-11-26,Alakformáló,12:00-13:00,Adamkó Szilvi,etele
Szerda,2025-11-26,Funkcionális köredzés,12:30-13:30,Szalma Borka,etele
Csütörtök,2025-11-27,Indoor Cycling ICG,12:00-13:00,Moldova Gyuri HU/EN,etele
Csütörtök,2025-11-27,Pilates,12:45-13:45,Boros Orsolya HU/EN,etele
Péntek,2025-11-28,Alakformáló,12:00-13:00,Adamkó Szilvi,etele
Hétfő,2025-11-24,Pilates,15:45-16:45,Kárpáti Ildikó HU/EN,etele
Szerda,2025-11-26,Pilates,15:45-16:45,Kárpáti Ildikó HU/EN,etele
Hétfő,2025-11-24,Gerinctorna+stretching,16:45-17:45,Kárpáti Ildikó HU/EN,etele
Kedd,2025-11-25,Kezdő funkcionális köredzés ,16:30-17:30,Gyurkovics Anikó HU/EN,etele
Kedd,2025-11-25,Dinamikus jóga,16:45-17:45,Erdős Réka ,etele
Szerda,2025-11-26,Gerinctorna+stretching,16:45-17:45,Kárpáti Ildikó HU/EN,etele
Csütörtök,2025-11-27,Kezdő funkcionális köredzés ,16:30-17:30,Szalma Borka,etele
Csütörtök,2025-11-27,Dinamikus jóga,16:45-17:45,Erdős Réka ,etele
Péntek,2025-11-28,TRX köredzés,16:30-17:30,Kárpáti Ildikó HU/EN,etele
Hétfő,2025-11-24,Alakformáló,17:00-18:00,Szabó Csenge,etele
Hétfő,2025-11-24,Indoor Cycling ICG,17:15-18:15,Dráviczki Sándor,etele
Hétfő,2025-11-24,Funkcionális köredzés,17:30-18:30,Majoros Anikó,etele
Hétfő,2025-11-24,Dinamikus jóga,17:45-18:45,Zsombok-Macsári Dzsenifer ,etele
Kedd,2025-11-25,Zsírégető,17:00-18:00,Szalma Borka,etele
Kedd,2025-11-25,Indoor Cycling ICG,17:15-18:15,Szőcs Gabi HU/EN,etele
Kedd,2025-11-25,Runners' Gym,17:30-18:30,Gyurkovics Anikó HU/EN,etele
Kedd,2025-11-25,Pilates,17:45-18:45,Erdős Réka ,etele
Szerda,2025-11-26,Alakformáló,17:00-18:00,Szabó Csenge,etele
Szerda,2025-11-26,Indoor Cycling ICG,17:15-18:15,Dráviczki Sándor,etele
Szerda,2025-11-26,Funkcionális köredzés,17:30-18:30,Majoros Anikó,etele
Szerda,2025-11-26,Dinamikus jóga,17:45-18:45,Zsombok-Macsári Dzsenifer ,etele
Csütörtök,2025-11-27,Zsírégető,17:00-18:00,Stein Fanni,etele
Csütörtök,2025-11-27,Indoor Cycling ICG,17:15-18:15,Szőcs Gabi HU/EN,etele
Csütörtök,2025-11-27,Runners' Gym,17:30-18:30,Gyurkovics Anikó HU/EN,etele
Csütörtök,2025-11-27,Pilates,17:45-18:45,Erdős Réka ,etele
Péntek,2025-11-28,Alakformáló,17:00-18:00,Auer Bernadett,etele
Péntek,2025-11-28,Funkcionális köredzés,17:30-19:00,Majoros Anikó,etele
Péntek,2025-11-28,Pilates,17:45-18:45,Kárpáti Ildikó HU/EN,etele
Szombat,2025-11-29,Alakformáló,17:00-18:00,Szalma Borka,etele
Vasárnap,2025-11-30,Alakformáló,17:00-18:00,Auer Bernadett,etele
Vasárnap,2025-11-30,Indoor Cycling ICG,17:15-18:15,Szőcs Gabi HU/EN,etele
Vasárnap,2025-11-30,Funkcionális köredzés,17:30-18:30,Szalma Borka,etele
Hétfő,2025-11-24,Zsírégető,18:00-19:00,Adamkó Szilvi,etele
Hétfő,2025-11-24,Indoor Cycling ICG,18:15-19:15,Dráviczki Sándor,etele
Hétfő,2025-11-24,TRX köredzés,18:30-19:30,Kárpáti Ildikó HU/EN,etele
Hétfő,2025-11-24,Dinamikus pilates,18:45-19:45,Szalma Borka,etele
Kedd,2025-11-25,Hot Iron I,18:00-19:00,Göde Dorka,etele
Kedd,2025-11-25,Indoor Cycling ICG,18:15-19:15,Kárpáti Móni ,etele
Kedd,2025-11-25,Funkcionális köredzés,18:30-19:30,Szebenyi Szabina,etele
Kedd,2025-11-25,Gerinctorna,18:45-19:45,Reitter Zsófia,etele
Szerda,2025-11-26,Zsírégető,18:00-19:00,Adamkó Szilvi,etele
Szerda,2025-11-26,Indoor Cycling ICG,18:15-19:15,Dráviczki Sándor,etele
Szerda,2025-11-26,TRX köredzés,18:30-19:30,Kárpáti Ildikó HU/EN,etele
Szerda,2025-11-26,Dinamikus pilates,18:45-19:45,Szalma Borka,etele
Csütörtök,2025-11-27,Hot Iron II,18:00-19:00,Göde Dorka,etele
Csütörtök,2025-11-27,Indoor Cycling ICG,18:15-19:15,Kárpáti Móni ,etele
Csütörtök,2025-11-27,Funkcionális köredzés,18:30-19:30,Szebenyi Szabina,etele
Csütörtök,2025-11-27,Gerinctorna+stretching,18:45-19:45,Kárpáti Ildikó HU/EN,etele
Péntek,2025-11-28,Hot Iron Cross,18:00-19:00,Göde Dorka,etele
Péntek,2025-11-28,Indoor Cycling ICG,18:15-19:15,Molnár Tibor ,etele
Péntek,2025-11-28,Jóga,18:45-19:45,Boros Orsolya HU/EN,etele
Szombat,2025-11-29,Cross Training,18:00-19:00,Szalma Borka,etele
Vasárnap,2025-11-30,Pilates,18:00-19:00,Oli Renáta,etele
Vasárnap,2025-11-30,Indoor Cycling ICG,18:15-19:15,Szőcs Gabi HU/EN,etele
Hétfő,2025-11-24,Kangoo,19:00-20:00,Petracsek Virág,etele
Hétfő,2025-11-24,Indoor Cycling ICG,19:15-20:15,Adamkó Szilvi,etele
Hétfő,2025-11-24,Cross Training,19:30-20:30,Kárpáti Ildikó HU/EN,etele
Hétfő,2025-11-24,Pilates,19:45-20:45,Oli Renáta,etele
Kedd,2025-11-25,Alakformáló,19:00-20:00,Gyurkovics Anikó HU/EN,etele
Kedd,2025-11-25,Cross Training,19:30-20:30,Göde Dorka,etele
Szerda,2025-11-26,Kangoo,19:00-20:00,Petracsek Virág,etele
Szerda,2025-11-26,Indoor Cycling ICG,19:15-20:15,Adamkó Szilvi,etele
Szerda,2025-11-26,Cross Training,19:30-20:30,Kárpáti Ildikó HU/EN,etele
Szerda,2025-11-26,Pilates,19:45-20:45,Oli Renáta,etele
Csütörtök,2025-11-27,Alakformáló,19:00-20:00,Gyurkovics Anikó HU/EN,etele
Csütörtök,2025-11-27,Runners' Gym,19:30-20:30,Göde Dorka,etele
Péntek,2025-11-28,Cross Training,19:00-20:00,Kárpáti Ildikó HU/EN,etele
Hétfő,2025-11-17,Alakformáló,07:00-08:00,Nagy Zsuzsa,vaci35
Hétfő,2025-11-17,Cross Training,07:30-08:30,Kárpáti Ildikó HU/EN,vaci35
Kedd,2025-11-18,Funkcionális köredzés,07:30-08:30,Tóth Anett,vaci35
Szerda,2025-11-19,Cross Training,07:30-08:30,Kárpáti Ildikó HU/EN,vaci35
Szerda,2025-11-19,Kezdő dance step,07:30-08:30,Harnos Erika ,vaci35
Csütörtök,2025-11-20,Funkcionális köredzés,07:30-08:30,Nagy Zsuzsa,vaci35
Péntek,2025-11-21,Funkcionális köredzés,07:30-08:30,Vatamány Krisztina ,vaci35
Hétfő,2025-11-17,Pilates,08:30-09:30,Kárpáti Ildikó HU/EN,vaci35
Szerda,2025-11-19,Pilates,08:30-09:30,Kárpáti Ildikó HU/EN,vaci35
Szombat,2025-11-22,Alakformáló,08:30-09:30,Nagy Zsuzsa,vaci35
Hétfő,2025-11-17,Runners' Gym,12:00-13:00,Samu Kriszti,vaci35
Csütörtök,2025-11-20,Funkcionális köredzés,12:30-13:30,Vatamány Krisztina ,vaci35
Hétfő,2025-11-17,Salsa Fitness,16:00-17:00,Osvaldo,vaci35
Kedd,2025-11-18,Pilates,16:00-17:00,Kárpáti Ildikó HU/EN,vaci35
Szerda,2025-11-19,Jóga,16:00-17:00,Samu Kriszti,vaci35
Csütörtök,2025-11-20,Pilates,16:00-17:00,Kárpáti Ildikó HU/EN,vaci35
Hétfő,2025-11-17,Flow jóga,17:00-18:00,Völgyes Flávia,vaci35
Hétfő,2025-11-17,Alakformáló,17:00-18:00,Samu Kriszti,vaci35
Kedd,2025-11-18,TRX,17:00-18:00,Kárpáti Ildikó HU/EN,vaci35
Kedd,2025-11-18,Zsírégető,17:00-18:00,Kabai Petra,vaci35
Szerda,2025-11-19,Alakformáló,17:00-18:00,Samu Kriszti,vaci35
Csütörtök,2025-11-20,TRX,17:00-18:00,Nagy Zsuzsa,vaci35
Csütörtök,2025-11-20,Zsírégető,17:00-18:00,Kabai Petra,vaci35
Péntek,2025-11-21,Funkcionális köredzés,17:00-18:00,Virág Vera,vaci35
Péntek,2025-11-21,Gerinctorna,17:00-18:00,Balogh Borbála,vaci35
Vasárnap,2025-11-23,Funkcionális köredzés,17:15-18:15,Harnos Erika ,vaci35
Hétfő,2025-11-17,Hot Iron Cross,18:00-19:00,Szalka Andi,vaci35
Hétfő,2025-11-17,Cross Training,18:15-19:15,Kempelen Zita,vaci35
Kedd,2025-11-18,Cross Training,18:00-19:00,Fodor Gabriella,vaci35
Kedd,2025-11-18,Alakformáló,18:00-19:00,Stein Fanni,vaci35
Szerda,2025-11-19,Hot Iron II,18:00-19:00,Szalka Andi,vaci35
Szerda,2025-11-19,Cross Training,18:15-19:15,Kempelen Zita,vaci35
Csütörtök,2025-11-20,Alakformáló,18:00-19:00,Nagy Zsuzsa,vaci35
Csütörtök,2025-11-20,Cross Training,18:00-19:00,Fodor Gabriella,vaci35
Péntek,2025-11-21,Stretching,18:00-19:00,Balogh Borbála,vaci35
Péntek,2025-11-21,Alakformáló,18:30-19:30,Molnár Dani,vaci35
Vasárnap,2025-11-23,Alakformáló,18:00-19:00,Berki Betti ,vaci35
Hétfő,2025-11-17,Zsírégető,19:00-20:00,Molnár Dani,vaci35
Kedd,2025-11-18,Hot Iron II,19:00-20:00,Hóbel Timi ,vaci35
Kedd,2025-11-18,Zsákos köredzés,19:00-20:00,Takács Henriett,vaci35
Szerda,2025-11-19,Pilates,19:00-20:00,Völgyes Flávia,vaci35
Szerda,2025-11-19,Funkcionális köredzés,19:15-20:15,Molnár Dani,vaci35
Csütörtök,2025-11-20,Hot Iron Cross,19:00-20:00,Hóbel Timi ,vaci35
Csütörtök,2025-11-20,Zsákos köredzés,19:00-20:00,Takács Henriett,vaci35
Hétfő,2025-11-24,Alakformáló,07:00-08:00,Nagy Zsuzsa,vaci35
Hétfő,2025-11-24,Cross Training,07:30-08:30,Kárpáti Ildikó HU/EN,vaci35
Kedd,2025-11-25,Funkcionális köredzés,07:30-08:30,Tóth Anett,vaci35
Szerda,2025-11-26,Cross Training,07:30-08:30,Kárpáti Ildikó HU/EN,vaci35
Szerda,2025-11-26,Kezdő dance step,07:30-08:30,Harnos Erika ,vaci35
Csütörtök,2025-11-27,Funkcionális köredzés,07:30-08:30,Nagy Zsuzsa,vaci35
Csütörtök,2025-11-27,Gerinctorna,07:30-08:30,Ujhelyi Zsuzsi HU/EN,vaci35
Péntek,2025-11-28,Funkcionális köredzés,07:30-08:30,Vatamány Krisztina ,vaci35
Hétfő,2025-11-24,Pilates,08:30-09:30,Kárpáti Ildikó HU/EN,vaci35
Szerda,2025-11-26,Pilates,08:30-09:30,Kárpáti Ildikó HU/EN,vaci35
Szombat,2025-11-29,Alakformáló,08:30-09:30,Nagy Zsuzsa,vaci35
Hétfő,2025-11-24,Runners' Gym,12:00-13:00,Samu Kriszti,vaci35
Csütörtök,2025-11-27,Funkcionális köredzés,12:30-13:30,Vatamány Krisztina ,vaci35
Hétfő,2025-11-24,Salsa Fitness,16:00-17:00,Osvaldo,vaci35
Kedd,2025-11-25,Pilates,16:00-17:00,Kárpáti Ildikó HU/EN,vaci35
Szerda,2025-11-26,Jóga,16:00-17:00,Samu Kriszti,vaci35
Csütörtök,2025-11-27,Pilates,16:00-17:00,Kárpáti Ildikó HU/EN,vaci35
Hétfő,2025-11-24,Alakformáló,17:00-18:00,Samu Kriszti,vaci35
Hétfő,2025-11-24,Flow jóga,17:00-18:00,Völgyes Flávia,vaci35
Kedd,2025-11-25,TRX,17:00-18:00,Kárpáti Ildikó HU/EN,vaci35
Kedd,2025-11-25,Zsírégető,17:00-18:00,Kabai Petra,vaci35
Szerda,2025-11-26,Alakformáló,17:00-18:00,Samu Kriszti,vaci35
Csütörtök,2025-11-27,TRX,17:00-18:00,Nagy Zsuzsa,vaci35
Csütörtök,2025-11-27,Zsírégető,17:00-18:00,Kabai Petra,vaci35
Péntek,2025-11-28,Funkcionális köredzés,17:00-18:00,Virág Vera,vaci35
Péntek,2025-11-28,Pilates,17:00-18:00,Völgyes Flávia,vaci35
Vasárnap,2025-11-30,Funkcionális köredzés,17:15-18:15,Serrano Gergő HU/EN,vaci35
Hétfő,2025-11-24,Hot Iron Cross,18:00-19:00,Szalka Andi,vaci35
Hétfő,2025-11-24,Cross Training,18:15-19:15,Kempelen Zita,vaci35
Kedd,2025-11-25,Alakformáló,18:00-19:00,Stein Fanni,vaci35
Kedd,2025-11-25,Cross Training,18:00-19:00,Kárpáti Ildikó HU/EN,vaci35
Szerda,2025-11-26,Hot Iron II,18:00-19:00,Szalka Andi,vaci35
Szerda,2025-11-26,Cross Training,18:15-19:15,Kempelen Zita,vaci35
Csütörtök,2025-11-27,Alakformáló,18:00-19:00,Nagy Zsuzsa,vaci35
Csütörtök,2025-11-27,Cross Training,18:00-19:00,Fodor Gabriella,vaci35
Péntek,2025-11-28,Jóga & Stretching,18:00-19:00,Völgyes Flávia,vaci35
Péntek,2025-11-28,Alakformáló,18:30-19:30,Molnár Dani,vaci35
Vasárnap,2025-11-30,Alakformáló,18:00-19:00,Katona Reni,vaci35
Vasárnap,2025-11-30,TRX köredzés,18:15-19:15,Serrano Gergő HU/EN,vaci35
Hétfő,2025-11-24,Zsírégető,19:00-20:00,Molnár Dani,vaci35
Kedd,2025-11-25,Hot Iron II,19:00-20:00,Hóbel Timi ,vaci35
Kedd,2025-11-25,Zsákos köredzés,19:00-20:00,Takács Henriett,vaci35
Szerda,2025-11-26,Pilates,19:00-20:00,Völgyes Flávia,vaci35
Szerda,2025-11-26,Funkcionális köredzés,19:15-20:15,Molnár Dani,vaci35
Csütörtök,2025-11-27,Hot Iron Cross,19:00-20:00,Hóbel Timi ,vaci35
Csütörtök,2025-11-27,Zsákos köredzés,19:00-20:00,Takács Henriett,vaci35
